5ca0a43dd867f02e28006302,4 SHADOW TREE LANE MEMBER CORP.
5ca0a43dd867f02e28006303,40 WALL DEVELOPMENT ASSOCIATES LLC
5ca0a43dd867f02e28006304,40 WALL STREET LLC
5ca0a43dd867f02e28006305,40 WALL STREET MEMBER CORP.
5ca0a43dd867f02e28006306,401 MEZZ VENTURE LLC
5ca0a43dd867f02e28006307,401 NORTH WABASH VENTURE LLC
5ca0a43dd867f02e28006308,809 NORTH CANON MEMBER CORPORATION
5ca0a43dd867f02e28006309,ABERDEEN ASSET MANAGEMENT
5ca0a43dd867f02e2800630a,ACADEMI
5ca0a43dd867f02e2800630b,ACE ENTERTAINMENT HOLDINGS INC
5ca0a43dd867f02e2800630c,ADVISORS ASSET MANAGEMENT INC.
5ca0a43dd867f02e2800630d,"AETOS SA
5ca0a43dd867f02e2800630e,ALLIANCEBERNSTEIN LP
5ca0a43dd867f02e2800630f,ALTEGRIS
5ca0a43dd867f02e28006310,ALTICOR
5ca0a43dd867f02e28006311,AMBOY BANK
5ca0a43dd867f02e28006312,AMERICAN INTERNATIONAL GROUP INC.
5ca0a43dd867f02e28006313,AMG FUNDS
5ca0a43dd867f02e28006314,"ANBANG INSURANCE GROUP
5ca0a43dd867f02e28006315,ANGEL OAK CAPITAL ADVISORS
5ca0a43dd867f02e28006316,ASSETMARK
5ca0a43dd867f02e28006317,AUGUST ERNST
5ca0a43dd867f02e28006318,AXA
5ca0a43dd867f02e28006319,"AZARPASSILLO
5ca0a43dd867f02e2800631a,BAGHLAN GROUP
5ca0a43dd867f02e2800631b,BAIN & COMPANY
5ca0a43dd867f02e2800631c,BANK HAPOALIM
5ca0a43dd867f02e2800631d,BANK OF AMERICA
5ca0a43dd867f02e2800631e,BANK OF CHINA
5ca0a43dd867f02e2800631f,BANNON & CO.
5ca0a43dd867f02e28006320,BAYROCK GROUP
5ca0a43dd867f02e28006321,"BAYROCK GROUP
5ca0a43dd867f02e28006322,BAYROCK/SAPIR ORGANIZATION LLC
5ca0a43dd867f02e28006323,BEDFORD HILLS CORP.
5ca0a43dd867f02e28006324,BLACKROCK
5ca0a43dd867f02e28006325,BNY MELLON
5ca0a43dd867f02e28006326,BRACEWELL
5ca0a43dd867f02e28006327,BRIARCLIFF PROPERTIES INC.
5ca0a43dd867f02e28006328,BURSON-MARSTELLER
5ca0a43dd867f02e28006329,C DEVELOPMENT VENTURES MEMBER CORP.
5ca0a43dd867f02e2800632a,CAMBRIDGE ANALYTICA
5ca0a43dd867f02e2800632b,CARDINAL INVESTMENT COMPANY
5ca0a43dd867f02e2800632c,CARIBUSINESS MRE LLC
5ca0a43dd867f02e2800632d,CARLYLE GROUP
5ca0a43dd867f02e2800632e,CHEVY CHASE TRUST HOLDINGS INC.
5ca0a43dd867f02e2800632f,"CHICAGO UNIT ACQUISITION LLC
5ca0a43dd867f02e28006330,CIM GROUP
5ca0a43dd867f02e28006331,CIT GROUP INC.
5ca0a43dd867f02e28006332,"CITIZENS UNITED FOUNDATION
5ca0a43dd867f02e28006333,CIVIL DEFENSE SOLUTIONS
5ca0a43dd867f02e28006334,COLONY CAPITAL INC.
5ca0a43dd867f02e28006335,COLONY NORTHSTAR INC.
5ca0a43dd867f02e28006336,CPW PT PARTNERS G.P.
5ca0a43dd867f02e28006337,CUE
5ca0a43dd867f02e28006338,D B PACE ACQUISITION MEMBER CORP.
5ca0a43dd867f02e28006339,D B PACE ACQUISITION LLC
5ca0a43dd867f02e2800633a,DAEWOO AMERICA DEVELOPMENT (NEW YORK) CORP
5ca0a43dd867f02e2800633b,DAEWOO AMERICA DEVELOPMENT (NEW YORK) CORP.
5ca0a43dd867f02e2800633c,DAVIS MANAFORT INC.
5ca0a43dd867f02e2800633d,DELAWARE MANAGEMENT HOLDINGS INC.
5ca0a43dd867f02e2800633e,DEUTSCHE BANK
5ca0a43dd867f02e2800633f,DEVELOPMENT BANK OF JAPAN
5ca0a43dd867f02e28006340,DEVELOPMENT MEMBER INC.
5ca0a43dd867f02e28006341,DIACOR INTERNATIONAL LTD.
5ca0a43dd867f02e28006342,DJT ENTREPRENEUR MANAGING MEMBER LLC
5ca0a43dd867f02e28006343,DJT ENTREPRENEUR MEMBER LLC
5ca0a43dd867f02e28006344,DJT HOLDINGS LLC
5ca0a43dd867f02e28006345,DJT HOLDINGS MANAGING MEMBER LLC
5ca0a43dd867f02e28006346,DJT OPERATIONS II LLC
5ca0a43dd867f02e28006347,DOUBLELINE FUNDS
5ca0a43dd867f02e28006348,DRINKS AMERICAS
5ca0a43dd867f02e28006349,DSN LICENSING LLC
5ca0a43dd867f02e2800634a,DSN LICENSING MEMBER CORP.
5ca0a43dd867f02e2800634b,DT APP WARRANT HOLDING MANAGING MEMBER CORP.
5ca0a43dd867f02e2800634c,DT BALI GOLF MANAGER MEMBER CORP.
5ca0a43dd867f02e2800634d,DT BALI HOTEL MANAGER MEMBER CORP.
5ca0a43dd867f02e2800634e,DT BALI TECHNICAL SERVICES MANAGER MEMBER CORP.
5ca0a43dd867f02e2800634f,DT CLIENT SERVICES LLC
5ca0a43dd867f02e28006350,DT CONNECT II MEMBER CORP.
5ca0a43dd867f02e28006351,DT CONNECT MANAGING MEMBER CORP.
5ca0a43dd867f02e28006352,DT DUBAI GOLF MANAGER MEMBER CORP.
5ca0a43dd867f02e28006353,DT DUBAI II GOLF MANAGER MEMBER CORP.
5ca0a43dd867f02e28006354,DT HOME MARKS INTERNATIONAL MEMBER CORP.
5ca0a43dd867f02e28006355,DT INDIA VENTURE LLC
5ca0a43dd867f02e28006356,DT JEDDAH TECHNICAL SERVICES ADVISOR MEMBER CORP.
5ca0a43dd867f02e28006357,DT JEDDAH TECHNICAL SERVICES MANAGER MEMBER CORP.
5ca0a43dd867f02e28006358,DT LIDO GOLF MANAGER MEMBER CORP.
5ca0a43dd867f02e28006359,DT LIDO HOTEL MANAGER MEMBER CORP.
5ca0a43dd867f02e2800635a,DT LIDO TECHNICAL SERVICES MANAGER MEMBER CORP.
5ca0a43dd867f02e2800635b,DT MARKS BAKU MANAGING MEMBER CORP.
5ca0a43dd867f02e2800635c,DT MARKS BALI MEMBER CORP.
5ca0a43dd867f02e2800635d,DT MARKS DUBAI II MEMBER CORP.
5ca0a43dd867f02e2800635e,DT MARKS DUBAI MEMBER CORP.
5ca0a43dd867f02e2800635f,DT MARKS GURGAON MANAGING MEMBER CORP.
5ca0a43dd867f02e28006360,DT MARKS LIDO MEMBER CORP.
5ca0a43dd867f02e28006361,DT MARKS PRODUCTS INTERNATIONAL MEMBER CORP.
5ca0a43dd867f02e28006362,DT MARKS PUNE II MANAGING MEMBER CORP.
5ca0a43dd867f02e28006363,DT MARKS PUNE MANAGING MEMBER CORP.
5ca0a43dd867f02e28006364,DT MARKS QATAR MEMBER CORP.
5ca0a43dd867f02e28006365,"DT MARKS RIO LLC
5ca0a43dd867f02e28006366,DT MARKS RIO MEMBER CORP.
5ca0a43dd867f02e28006367,DT MARKS VANCOUVER MANAGER CORP.
5ca0a43dd867f02e28006368,DT MARKS WORLI MEMBER CORP.
5ca0a43dd867f02e28006369,DT TOWER GURGAON MANAGING MEMBER CORP.
5ca0a43dd867f02e2800636a,DT TOWER I MEMBER CORP.
5ca0a43dd867f02e2800636b,DT TOWER KOLKATA MANAGING MEMBER CORP.
5ca0a43dd867f02e2800636c,DTTM OPERATIONS LLC
5ca0a43dd867f02e2800636d,DTTM OPERATIONS MANAGING MEMBER CORP.
5ca0a43dd867f02e2800636e,DUKE UNIVERSITY
5ca0a43dd867f02e2800636f,EATON VANCE
5ca0a43dd867f02e28006370,EDWARD D. JONES & CO.
5ca0a43dd867f02e28006371,EID VENTURE II MEMBER CORP.
5ca0a43dd867f02e28006372,ETSY
5ca0a43dd867f02e28006373,EURASIAN RESOURCES GROUP
5ca0a43dd867f02e28006374,EXCEL VENTURE I CORP.
5ca0a43dd867f02e28006375,EXXON MOBIL CORPORATION
5ca0a43dd867f02e28006376,FIDELITY INVESTMENTS
5ca0a43dd867f02e28006377,FIFTY-SEVEN MANAGEMENT CORP.
5ca0a43dd867f02e28006378,FIRST MEMBER INC.
5ca0a43dd867f02e28006379,FLIGHTS INC.
5ca0a43dd867f02e2800637a,FLYNN INTEL GROUP INC.
5ca0a43dd867f02e2800637b,FORTE CAPITAL ADVISORS
5ca0a43dd867f02e2800637c,GALBREATH COLUMBUS CIRCLE DEVELOPMENT ASSOCIATES LP
5ca0a43dd867f02e2800637d,GE ASSET MANAGEMENT
5ca0a43dd867f02e2800637e,GENIUS PRODUCTS INC.
5ca0a43dd867f02e2800637f,GEPT DELMONICO LLC
5ca0a43dd867f02e28006380,GOLDMAN SACHS
5ca0a43dd867f02e28006381,GOLF PRODUCTIONS MEMBER CORP.
5ca0a43dd867f02e28006382,GOLF RECREATION SCOTLAND LIMITED
5ca0a43dd867f02e28006383,GOVERNMENT ACCOUNTABILITY INSTITUTE
5ca0a43dd867f02e28006384,GREENBERG TRAURIG LLP
5ca0a43dd867f02e28006385,GUGGENHEIM PARTNERS
5ca0a43dd867f02e28006386,H. PIXEL INTERNATIONAL
5ca0a43dd867f02e28006387,HALL CAPITAL PARTNERS
5ca0a43dd867f02e28006388,HUDSON WATERFRONT ASSOCIATES I L.P.
5ca0a43dd867f02e28006389,HUDSON WATERFRONT ASSOCIATES III L.P.
5ca0a43dd867f02e2800638a,HUDSON WATERFRONT ASSOCIATES IV L.P.
5ca0a43dd867f02e2800638b,HUDSON WATERFRONT ASSOCIATES V L.P.
5ca0a43dd867f02e2800638c,HUDSON WATERFRONT CORPORATION
5ca0a43dd867f02e2800638d,HUDSON WATERFRONT I CORPORATION
5ca0a43dd867f02e2800638e,HUDSON WATERFRONT II CORPORATION
5ca0a43dd867f02e2800638f,HUDSON WATERFRONT III CORPORATION
5ca0a43dd867f02e28006390,HUDSON WATERFRONT IV CORPORATION
5ca0a43dd867f02e28006391,HUDSON WATERFRONT V CORPORATION
5ca0a43dd867f02e28006392,HUDSON WESTSIDE ASSOCIATES I L.P.
5ca0a43dd867f02e28006393,HUDSON WESTSIDE ASSOCIATES II L.P.
5ca0a43dd867f02e28006394,HUDSON WESTSIDE ASSOCIATES III L.P.
5ca0a43dd867f02e28006395,HUDSON WESTSIDE ASSOCIATES IV. L.P.
5ca0a43dd867f02e28006396,HUDSON WESTSIDE ASSOCIATES V L.P.
5ca0a43dd867f02e28006397,HUDSON WESTSIDE ASSOCIATES L.P.
5ca0a43dd867f02e28006398,HWA 1290 III LLC
5ca0a43dd867f02e28006399,HWA 1290 IV LLC
5ca0a43dd867f02e2800639a,HWA 1290 V LLC
5ca0a43dd867f02e2800639b,HYDE PARK LLC
5ca0a43dd867f02e2800639c,ILD B.V.
5ca0a43dd867f02e2800639d,INDIAN HILLS HOLDINGS LLC
5ca0a43dd867f02e2800639e,INDITEX
5ca0a43dd867f02e2800639f,INVESCO LTD.
5ca0a43dd867f02e280063a0,INVESTORS SAVINGS BANK
5ca0a43dd867f02e280063a1,"ISLAMIC REVOLUTION MOSTAZAFAN FOUNDATION
5ca0a43dd867f02e280063a2,IT OPERATIONS MANAGING MEMBER CORP
5ca0a43dd867f02e280063a3,IVANKA M. TRUMP BUSINESS TRUST
5ca0a43dd867f02e280063a4,IVANKA TRUMP REVOCABLE TRUST DATED AUGUST 13 2010
5ca0a43dd867f02e280063a5,JACKSON NATIONAL LIFE
5ca0a43dd867f02e280063a6,JANUS CAPITAL GROUP
5ca0a43dd867f02e280063a7,JOHN HANCOCK FINANCIAL
5ca0a43dd867f02e280063a8,JPMORGAN CHASE
5ca0a43dd867f02e280063a9,"JUDICIAL WATCH
5ca0a43dd867f02e280063aa,JUPITER GOLF CLUB LLC
5ca0a43dd867f02e280063ab,JUPITER GOLF CLUB MANAGING MEMBER CORP.
5ca0a43dd867f02e280063ac,KANSAS POLICY INSTITUTE
5ca0a43dd867f02e280063ad,KEYSTONE GROUP L.P.
5ca0a43dd867f02e280063ae,KGK GROUP
5ca0a43dd867f02e280063af,KGK JEWELRY LLC
5ca0a43dd867f02e280063b0,"KHATAM AL-ANBIA
5ca0a43dd867f02e280063b1,KOCH INDUSTRIES INC.
5ca0a43dd867f02e280063b2,KOCH VENTURE CAPITAL
5ca0a43dd867f02e280063b3,KUSHNER COMPANIES
5ca0a43dd867f02e280063b4,"KUSHNER COMPANIES
5ca0a43dd867f02e280063b5,KUSHNER PROPERTIES
5ca0a43dd867f02e280063b6,LADDER CAPITAL FINANCE LLC
5ca0a43dd867f02e280063b7,LADDER CAPITAL I FINANCE LLC
5ca0a43dd867f02e280063b8,LEAVE.EU
5ca0a43dd867f02e280063b9,LFB ACQUISITION LLC
5ca0a43dd867f02e280063ba,LFB ACQUISITION MEMBER CORP.
5ca0a43dd867f02e280063bb,LIGHTWORKERS MEDIA
5ca0a43dd867f02e280063bc,LOCORR FUNDS
5ca0a43dd867f02e280063bd,LSH BARRA
5ca0a43dd867f02e280063be,MACE
5ca0a43dd867f02e280063bf,MACQUARIE GROUP
5ca0a43dd867f02e280063c0,MADISON AVENUE DIAMONDS
5ca0a43dd867f02e280063c1,MAKE AMERICA NUMBER 1 PAC
5ca0a43dd867f02e280063c2,MANHATTAN PARTNERS
5ca0a43dd867f02e280063c3,MAR-A-LAGO CLUB INC
5ca0a43dd867f02e280063c4,MARK BURNETT PRODUCTIONS
5ca0a43dd867f02e280063c5,MERCER FAMILY FOUNDATION
5ca0a43dd867f02e280063c6,MERRILL LYNCH CREDIT CORPORATION
5ca0a43dd867f02e280063c7,METLIFE INC.
5ca0a43dd867f02e280063c8,MGM TELEVISION
5ca0a43dd867f02e280063c9,MIDLAND RESOURCES HOLDING INC.
5ca0a43dd867f02e280063ca,MISS UNIVERSE L.P. LLLP
5ca0a43dd867f02e280063cb,MLQ BK REO LLC
5ca0a43dd867f02e280063cc,MLQ LLC
5ca0a43dd867f02e280063cd,MNC GROUP
5ca0a43dd867f02e280063ce,MOBILE PAYROLL CONSTRUCTION MANAGER CORP.
5ca0a43dd867f02e280063cf,"NATIONALIST CONGRESS PARTY (INDIA)
5ca0a43dd867f02e280063d0,NATIONWIDE MUTUAL INSURANCE COMPANY
5ca0a43dd867f02e280063d1,NATIXIS
5ca0a43dd867f02e280063d2,NEW WORLD PROPERTY MANAGEMENT LIMITED
5ca0a43dd867f02e280063d3,NORTHERN TRUST
5ca0a43dd867f02e280063d4,NORTHSTAR ASSET MANAGEMENT GROUP INC.
5ca0a43dd867f02e280063d5,NORTHSTAR REALTY FINANCE
5ca0a43dd867f02e280063d6,NUVEEN INVESTMENTS
5ca0a43dd867f02e280063d7,OAKTREE CAPITAL MANAGEMENT
5ca0a43dd867f02e280063d8,OBSERVER MEDIA
5ca0a43dd867f02e280063d9,OCEAN DEVELOPMENT MEMBER INC.
5ca0a43dd867f02e280063da,ONE CENTRAL PARK WEST ASSOCIATES
5ca0a43dd867f02e280063db,ONE THREE MEDIA
5ca0a43dd867f02e280063dc,OPO HOTEL MANAGER LLC
5ca0a43dd867f02e280063dd,OPO HOTEL MANAGER MEMBER CORP.
5ca0a43dd867f02e280063de,PANAMA OCEAN CLUB MANAGEMENT MEMBER CORP.
5ca0a43dd867f02e280063df,PARAMOUNT RPV HOLDINGS MANAGER CORP.
5ca0a43dd867f02e280063e0,PARC CONSULTING INC.
5ca0a43dd867f02e280063e1,PAYDEN & RYGEL
5ca0a43dd867f02e280063e2,PERICLES EMERGING MARKET PARTNERS L.P.
5ca0a43dd867f02e280063e3,PIMCO
5ca0a43dd867f02e280063e4,PINE HILL DEVELOPMENT MANAGING MEMBER CORP.
5ca0a43dd867f02e280063e5,PING AN INSURANCE
5ca0a43dd867f02e280063e6,PIONEER INVESTMENTS
5ca0a43dd867f02e280063e7,PLAZA CONSULTING CORP.
5ca0a43dd867f02e280063e8,POKER VENTURE MANAGING MEMBER CORP.
5ca0a43dd867f02e280063e9,PRINCETON UNIVERSITY
5ca0a43dd867f02e280063ea,PRUDENTIAL FINANCIAL
5ca0a43dd867f02e280063eb,PUTNAM INVESTMENTS
5ca0a43dd867f02e280063ec,R.J. REYNOLDS TOBACCO COMPANY
5ca0a43dd867f02e280063ed,RAMAN
5ca0a43dd867f02e280063ee,"REALCADRE LLC
5ca0a43dd867f02e280063ef,"RELATED GROUP OF FLORIDA
5ca0a43dd867f02e280063f0,"RELATIVITY MEDIA
5ca0a43dd867f02e280063f1,RESTAURANT 40 MEMBER CORP.
5ca0a43dd867f02e280063f2,RIVERNORTH CAPITAL MANAGMENT
5ca0a43dd867f02e280063f3,ROSNEFT
5ca0a43dd867f02e280063f4,RPV DEVELOPMENT LLC
5ca0a43dd867f02e280063f5,RUSSELL INVESTMENTS
5ca0a43dd867f02e280063f6,SCL GROUP
5ca0a43dd867f02e280063f7,SCOUT INVESTMENTS
5ca0a43dd867f02e280063f8,SEI INVESTMENTS COMPANY
5ca0a43dd867f02e280063f9,SENTIENT JETS LLC
5ca0a43dd867f02e280063fa,SENTIENT JETS MEMBER CORP.
5ca0a43dd867f02e280063fb,SENTRY INTERNATIONAL
5ca0a43dd867f02e280063fc,SG COWEN SECURITIES CORP.
5ca0a43dd867f02e280063fd,SLC TURNBERRY LIMITED
5ca0a43dd867f02e280063fe,SMC OCEAN LLC
5ca0a43dd867f02e280063ff,SOHO 3203
5ca0a43dd867f02e28006400,SOHO 3310
5ca0a43dd867f02e28006401,SOHO 3311
5ca0a43dd867f02e28006402,STATE POLICY NETWORK
5ca0a43dd867f02e28006403,STATE STREET CORPORATION
5ca0a43dd867f02e28006404,SUNAMERICA
5ca0a43dd867f02e28006405,T INTERNATIONAL REALTY LLC
5ca0a43dd867f02e28006406,T. ROWE PRICE
5ca0a43dd867f02e28006407,THC BAKU HOTEL MANAGER SERVICES MEMBER CORP.
5ca0a43dd867f02e28006408,THC BAKU SERVICES MEMBER CORP.
5ca0a43dd867f02e28006409,THC CENTRAL RESERVATIONS MEMBER CORP.
5ca0a43dd867f02e2800640a,THC CHINA DEVELOPMENT LLC
5ca0a43dd867f02e2800640b,THC CHINA DEVELOPMENT MANAGEMENT CORP.
5ca0a43dd867f02e2800640c,THC CHINA TECHNICAL SERVICES MANAGER CORP.
5ca0a43dd867f02e2800640d,THC DEVELOPMENT BRAZIL MANAGING MEMBER CORP.
5ca0a43dd867f02e2800640e,THC DUBAI II HOTEL MANAGER MEMBER CORP.
5ca0a43dd867f02e2800640f,THC JEDDAH HOTEL ADVISOR MEMBER CORP.
5ca0a43dd867f02e28006410,THC JEDDAH HOTEL MANAGER MEMBER CORP.
5ca0a43dd867f02e28006411,THC MIAMI RESTAURANT HOSPITALITY MEMBER CORP.
5ca0a43dd867f02e28006412,THC QATAR HOTEL MANAGER MEMBER CORP.
5ca0a43dd867f02e28006413,THC RIO MANAGING MEMBER CORP.
5ca0a43dd867f02e28006414,THC SALES & MARKETING MEMBER CORP.
5ca0a43dd867f02e28006415,THC SERVICES SHENZHEN MEMBER CORP.
5ca0a43dd867f02e28006416,THC SHENZHEN HOTEL MANAGER MEMBER CORP.
5ca0a43dd867f02e28006417,THC VANCOUVER MANAGEMENT CORP.
5ca0a43dd867f02e28006418,THC VENTURE I MANAGING MEMBER CORP.
5ca0a43dd867f02e28006419,THC VENTURE II MANAGING MEMBER CORP.
5ca0a43dd867f02e2800641a,THC VENTURE III LLC
5ca0a43dd867f02e2800641b,THCR ENTERPRISES INC.
5ca0a43dd867f02e2800641c,THCR ENTERPRISES LLC
5ca0a43dd867f02e2800641d,THCR FUNDING
5ca0a43dd867f02e2800641e,THCR HOLDING CORP.
5ca0a43dd867f02e2800641f,THCR MANAGEMENT HOLDINGS LLC
5ca0a43dd867f02e28006420,THCR MANAGEMENT SERVICES LLC
5ca0a43dd867f02e28006421,THCR VENTURES INC.
5ca0a43dd867f02e28006422,THCR/LP CORPORATION
5ca0a43dd867f02e28006423,THE BLACKSTONE GROUP
5ca0a43dd867f02e28006424,THE BRIDGE BUILDER FUNDS
5ca0a43dd867f02e28006425,THE CARIBUSINESS RE CORP.
5ca0a43dd867f02e28006426,THE CORDISH COMPANIES
5ca0a43dd867f02e28006427,THE DONALD J. TRUMP AND GRANTOR TRUST
5ca0a43dd867f02e28006428,THE DONALD J. TRUMP REVOCABLE TRUST
5ca0a43dd867f02e28006429,THE GRANTHAM FOUNDATION
5ca0a43dd867f02e2800642a,THE HARTFORD
5ca0a43dd867f02e2800642b,THE HERITAGE FOUNDATION
5ca0a43dd867f02e2800642c,THE METROPOLITAN OPERA
5ca0a43dd867f02e2800642d,THE TRUMP ENTREPRENEUR INITIATIVE LLC
5ca0a43dd867f02e2800642e,THE TRUMP ENTREPRENEUR INITIATIVE LLC (NY DOMESTIC)
5ca0a43dd867f02e2800642f,THE TRUMP FOLLIES MEMBER INC.
5ca0a43dd867f02e28006430,THE TRUMP MARKS REAL ESTATE CORP.
5ca0a43dd867f02e28006431,THE TRUMP ORGANIZATION INC.
5ca0a43dd867f02e28006432,"THE TRUMP ORGANIZATION INC.
5ca0a43dd867f02e28006433,THE TRUMP-EQUITABLE FIFTH AVENUE COMPANY
5ca0a43dd867f02e28006434,THE VANGUARD GROUP INC.
5ca0a43dd867f02e28006435,THRIVE CAPITAL
5ca0a43dd867f02e28006436,TIAA-CREF
5ca0a43dd867f02e28006437,TIGL IRELAND ENTERPRISES LIMITED
5ca0a43dd867f02e28006438,TIHH MEMBER CORP.
5ca0a43dd867f02e28006439,TIHH MEMBER LLC
5ca0a43dd867f02e2800643a,TIHM MEMBER CORP.
5ca0a43dd867f02e2800643b,TIHT CHICAGO MEMBER ACQUISITION LLC
5ca0a43dd867f02e2800643c,TIHT MEMBER LLC
5ca0a43dd867f02e2800643d,TIPPERARY REALTY CORP.
5ca0a43dd867f02e2800643e,"TITAN ATLAS MANUFACTURING
5ca0a43dd867f02e2800643f,TMG MEMBER LLC
5ca0a43dd867f02e28006440,TNGC CHARLOTTE LLC
5ca0a43dd867f02e28006441,TNGC CHARLOTTE MANAGER CORP.
5ca0a43dd867f02e28006442,TNGC DUTCHESS COUNTY LLC
5ca0a43dd867f02e28006443,TNGC DUTCHESS COUNTY MEMBER CORP.
5ca0a43dd867f02e28006444,TNGC JUPITER MANAGING MEMBER CORP.
5ca0a43dd867f02e28006445,TNGC PINE HILL LLC
5ca0a43dd867f02e28006446,TNGC PINE HILL MEMBER CORP.
5ca0a43dd867f02e28006447,TP CFD MANAGER CORP.
5ca0a43dd867f02e28006448,TRADE ASSET MANAGEMENT COMPANY
5ca0a43dd867f02e28006449,TRANSAMERICA CORPORATION
5ca0a43dd867f02e2800644a,TRAVEL ENTERPRISES MANAGEMENT INC
5ca0a43dd867f02e2800644b,TRIBUTARY FUNDS
5ca0a43dd867f02e2800644c,TRUMP 845 LP LLC
5ca0a43dd867f02e2800644d,TRUMP 845 UN GP LLC
5ca0a43dd867f02e2800644e,TRUMP 845 UN MGR CORP.
5ca0a43dd867f02e2800644f,TRUMP 845 UN MGR LLC
5ca0a43dd867f02e28006450,TRUMP AC CASINO MARKS MEMBER CORP.
5ca0a43dd867f02e28006451,TRUMP ACQUISITION CORP.
5ca0a43dd867f02e28006452,TRUMP ATLANTIC CITY ASSOCIATES
5ca0a43dd867f02e28006453,TRUMP ATLANTIC CITY CORPORATION
5ca0a43dd867f02e28006454,TRUMP ATLANTIC CITY FUNDING II INC.
5ca0a43dd867f02e28006455,TRUMP ATLANTIC CITY FUNDING III INC.
5ca0a43dd867f02e28006456,TRUMP ATLANTIC CITY FUNDING INC.
5ca0a43dd867f02e28006457,TRUMP ATLANTIC CITY HOLDING INC.
5ca0a43dd867f02e28006458,TRUMP BOOKS MANAGER CORP.
5ca0a43dd867f02e28006459,TRUMP BRIARCLIFF MANOR DEVELOPMENT LLC
5ca0a43dd867f02e2800645a,TRUMP CANOUAN ESTATE MEMBER CORP.
5ca0a43dd867f02e2800645b,TRUMP CAROUSEL MEMBER CORP.
5ca0a43dd867f02e2800645c,TRUMP CASINO FUNDING INC.
5ca0a43dd867f02e2800645d,TRUMP CASINO HOLDINGS LLC
5ca0a43dd867f02e2800645e,TRUMP CENTRAL PARK WEST CORP.
5ca0a43dd867f02e2800645f,TRUMP CHICAGO COMMERCIAL MEMBER CORP.
5ca0a43dd867f02e28006460,TRUMP CHICAGO HOTEL MEMBER CORP.
5ca0a43dd867f02e28006461,TRUMP CHICAGO MANAGING MEMBER LLC
5ca0a43dd867f02e28006462,TRUMP CHICAGO MEMBER LLC
5ca0a43dd867f02e28006463,TRUMP CHICAGO RESIDENTIAL MEMBER CORP.
5ca0a43dd867f02e28006464,TRUMP CHICAGO RETAIL MEMBER CORP.
5ca0a43dd867f02e28006465,TRUMP CLASSIC CARS MEMBER CORP.
5ca0a43dd867f02e28006466,TRUMP CPS CORP.
5ca0a43dd867f02e28006467,TRUMP DELMONICO LLC
5ca0a43dd867f02e28006468,TRUMP DEVELOPMENT SERVICES MEMBER CORP.
5ca0a43dd867f02e28006469,TRUMP DRINKS ISRAEL HOLDINGS MEMBER CORP.
5ca0a43dd867f02e2800646a,TRUMP DRINKS ISRAEL MEMBER CORP.
5ca0a43dd867f02e2800646b,TRUMP ENDEAVOR 12 LLC
5ca0a43dd867f02e2800646c,TRUMP ENDEAVOR 12 MANAGER CORP.
5ca0a43dd867f02e2800646d,TRUMP ENTERTAINMENT RESORTS INC.
5ca0a43dd867f02e2800646e,TRUMP EU MARKS MEMBER CORP.
5ca0a43dd867f02e2800646f,TRUMP FERRY POINT MEMBER CORP.
5ca0a43dd867f02e28006470,TRUMP FLORIDA MANAGER CORP.
5ca0a43dd867f02e28006471,TRUMP GOLF COCO BEACH MEMBER CORP.
5ca0a43dd867f02e28006472,TRUMP HOME MARKS MEMBER CORP.
5ca0a43dd867f02e28006473,TRUMP HOTELS & CASINO RESORTS DEVELOPMENT COMPANY LLC
5ca0a43dd867f02e28006474,TRUMP HOTELS & CASINO RESORTS FUNDING INC.
5ca0a43dd867f02e28006475,TRUMP HOTELS & CASINO RESORTS HOLDINGS L.P.
5ca0a43dd867f02e28006476,TRUMP INDIANA CASINO MANAGEMENT LLC
5ca0a43dd867f02e28006477,TRUMP INDIANA REALTY LLC
5ca0a43dd867f02e28006478,TRUMP INDIANA INC.
5ca0a43dd867f02e28006479,TRUMP INTERNATIONAL DEVELOPMENT MEMBER CORP.
5ca0a43dd867f02e2800647a,TRUMP INTERNATIONAL GOLF CLUB - FLORIDA
5ca0a43dd867f02e2800647b,TRUMP INTERNATIONAL GOLF CLUB INC.
5ca0a43dd867f02e2800647c,TRUMP INTERNATIONAL GOLF LINKS - DOONBEG
5ca0a43dd867f02e2800647d,TRUMP INTERNATIONAL HOTELS MANAGEMENT LLC
5ca0a43dd867f02e2800647e,TRUMP INTERNET CASINO LLC
5ca0a43dd867f02e2800647f,TRUMP KOREAN PROJECTS LLC
5ca0a43dd867f02e28006480,TRUMP LAS OLAS MEMBER CORP.
5ca0a43dd867f02e28006481,TRUMP LAS VEGAS CORP.
5ca0a43dd867f02e28006482,TRUMP LAS VEGAS MANAGING MEMBER LLC
5ca0a43dd867f02e28006483,TRUMP LAS VEGAS MEMBER LLC
5ca0a43dd867f02e28006484,TRUMP MARINA ASSOCIATES L.P.
5ca0a43dd867f02e28006485,TRUMP MARINA INC.
5ca0a43dd867f02e28006486,TRUMP MARKS ASIA CORP.
5ca0a43dd867f02e28006487,TRUMP MARKS ATLANTA MEMBER CORP.
5ca0a43dd867f02e28006488,TRUMP MARKS BAJA CORP.
5ca0a43dd867f02e28006489,TRUMP MARKS BATUMI MANAGING MEMBER CORP.
5ca0a43dd867f02e2800648a,TRUMP MARKS BEVERAGES CORP.
5ca0a43dd867f02e2800648b,TRUMP MARKS CANOUAN CORP.
5ca0a43dd867f02e2800648c,TRUMP MARKS CHICAGO MEMBER CORP.
5ca0a43dd867f02e2800648d,TRUMP MARKS DUBAI CORP.
5ca0a43dd867f02e2800648e,TRUMP MARKS EGYPT CORP.
5ca0a43dd867f02e2800648f,TRUMP MARKS FINE FOODS MEMBER CORP.
5ca0a43dd867f02e28006490,TRUMP MARKS FT. LAUDERDALE MEMBER CORP.
5ca0a43dd867f02e28006491,TRUMP MARKS GP CORP.
5ca0a43dd867f02e28006492,TRUMP MARKS HOLDINGS L.P.
5ca0a43dd867f02e28006493,TRUMP MARKS HOLLYWOOD CORP.
5ca0a43dd867f02e28006494,TRUMP MARKS ISTANBUL II CORP.
5ca0a43dd867f02e28006495,TRUMP MARKS JERSEY CITY CORP.
5ca0a43dd867f02e28006496,TRUMP MARKS LAS VEGAS CORP.
5ca0a43dd867f02e28006497,TRUMP MARKS MAGAZINE CORP.
5ca0a43dd867f02e28006498,TRUMP MARKS MATTRESS MEMBER CORP.
5ca0a43dd867f02e28006499,TRUMP MARKS MENSWEAR MEMBER CORP.
5ca0a43dd867f02e2800649a,TRUMP MARKS MORTGAGE CORP.
5ca0a43dd867f02e2800649b,TRUMP MARKS MUMBAI MEMBER CORP.
5ca0a43dd867f02e2800649c,TRUMP MARKS NEW ROCHELLE CORP.
5ca0a43dd867f02e2800649d,TRUMP MARKS PALM BEACH CORP.
5ca0a43dd867f02e2800649e,TRUMP MARKS PANAMA CORP.
5ca0a43dd867f02e2800649f,TRUMP MARKS PHILADELPHIA CORP.
5ca0a43dd867f02e280064a0,TRUMP MARKS PHILIPPINES CORP.
5ca0a43dd867f02e280064a1,TRUMP MARKS PRODUCTS MEMBER CORP.
5ca0a43dd867f02e280064a2,TRUMP MARKS PUERTO RICO I MEMBER CORP.
5ca0a43dd867f02e280064a3,TRUMP MARKS PUERTO RICO II MEMBER CORP.
5ca0a43dd867f02e280064a4,TRUMP MARKS PUNTA DEL ESTE MANAGER CORP.
5ca0a43dd867f02e280064a5,TRUMP MARKS SOHO LICENSE CORP.
5ca0a43dd867f02e280064a6,TRUMP MARKS STAMFORD CORP.
5ca0a43dd867f02e280064a7,TRUMP MARKS SUNNY ISLES I MEMBER CORP.
5ca0a43dd867f02e280064a8,TRUMP MARKS SUNNY ISLES II MEMBER CORP.
5ca0a43dd867f02e280064a9,TRUMP MARKS TAMPA CORP.
5ca0a43dd867f02e280064aa,TRUMP MARKS TORONTO CORP.
5ca0a43dd867f02e280064ab,TRUMP MARKS TORONTO LP
5ca0a43dd867f02e280064ac,TRUMP MARKS WAIKIKI CORP.
5ca0a43dd867f02e280064ad,TRUMP MARKS WESTCHESTER CORP.
5ca0a43dd867f02e280064ae,TRUMP MARKS WHITE PLAINS CORP.
5ca0a43dd867f02e280064af,TRUMP MIAMI RESORT MANAGEMENT MEMBER CORP.
5ca0a43dd867f02e280064b0,TRUMP NATIONAL GOLF CLUB - LOS ANGELES
5ca0a43dd867f02e280064b1,TRUMP NATIONAL GOLF CLUB COLTS NECK MEMBER CORP.
5ca0a43dd867f02e280064b2,TRUMP NATIONAL GOLF CLUB LLC
5ca0a43dd867f02e280064b3,TRUMP NATIONAL GOLF CLUB MEMBER CORP.
5ca0a43dd867f02e280064b4,TRUMP NATIONAL GOLF CLUB WASHINGTON DC MEMBER CORP.
5ca0a43dd867f02e280064b5,TRUMP OCEAN MANAGER INC.
5ca0a43dd867f02e280064b6,TRUMP OCEAN MANAGING MEMBER LLC
5ca0a43dd867f02e280064b7,TRUMP OLD POST OFFICE LLC
5ca0a43dd867f02e280064b8,TRUMP OLD POST OFFICE MEMBER CORP.
5ca0a43dd867f02e280064b9,TRUMP ORGANIZATION LLC
5ca0a43dd867f02e280064ba,"TRUMP ORGANIZATION LLC
5ca0a43dd867f02e280064bb,TRUMP PAGEANTS INC.
5ca0a43dd867f02e280064bc,TRUMP PANAMA CONDOMINIUM MEMBER CORP.
5ca0a43dd867f02e280064bd,TRUMP PANAMA HOTEL MANAGEMENT MEMBER CORP.
5ca0a43dd867f02e280064be,TRUMP PARK AVENUE ACQUISITION LLC
5ca0a43dd867f02e280064bf,TRUMP PLAZA ASSOCIATES
5ca0a43dd867f02e280064c0,TRUMP PLAZA ASSOCIATES LLC
5ca0a43dd867f02e280064c1,TRUMP PLAZA MEMBER INC.
5ca0a43dd867f02e280064c2,TRUMP PRODUCTIONS LLC
5ca0a43dd867f02e280064c3,TRUMP PRODUCTIONS MANAGING MEMBER INC.
5ca0a43dd867f02e280064c4,TRUMP REALTY SERVICES LLC
5ca0a43dd867f02e280064c5,TRUMP RIVERSIDE MANAGEMENT LLC
5ca0a43dd867f02e280064c6,TRUMP RUFFIN LLC
5ca0a43dd867f02e280064c7,TRUMP RUFFIN TOWER I LLC
5ca0a43dd867f02e280064c8,TRUMP SALES & LEASING CHICAGO MEMBER CORP.
5ca0a43dd867f02e280064c9,TRUMP SCOTLAND MEMBER INC
5ca0a43dd867f02e280064ca,TRUMP SCOTSBOROUGH SQUARE MEMBER CORP.
5ca0a43dd867f02e280064cb,TRUMP TAJ MAHAL ASSOCIATES
5ca0a43dd867f02e280064cc,TRUMP TORONTO MEMBER CORP.
5ca0a43dd867f02e280064cd,TRUMP TOWER MANAGING MEMBER INC.
5ca0a43dd867f02e280064ce,TRUMP TURNBERRY
5ca0a43dd867f02e280064cf,TRUMP UNIVERSITY CA LLC
5ca0a43dd867f02e280064d0,TRUMP VINEYARD ESTATES LLC
5ca0a43dd867f02e280064d1,TRUMP VINEYARD ESTATES LOT 3 OWNER LLC
5ca0a43dd867f02e280064d2,TRUMP VINEYARD ESTATES MANAGER CORP.
5ca0a43dd867f02e280064d3,TRUMP VIRGINIA ACQUISITIONS LLC
5ca0a43dd867f02e280064d4,TRUMP VIRGINIA ACQUISITIONS MANAGER CORP.
5ca0a43dd867f02e280064d5,TRUMP VIRGINIA LOT 5 MANAGER CORP.
5ca0a43dd867f02e280064d6,TRUMP WINE MARKS MEMBER CORP.
5ca0a43dd867f02e280064d7,TRUMP WINERY
5ca0a43dd867f02e280064d8,TRUMP WORLD PRODUCTIONS MANAGER CORP.
5ca0a43dd867f02e280064d9,TTTT VENTURE LLC
5ca0a43dd867f02e280064da,TTTT VENTURE MEMBER CORP.
5ca0a43dd867f02e280064db,TURNBERRY SCOTLAND LLC
5ca0a43dd867f02e280064dc,TURNBERRY SCOTLAND MANAGING MEMBER CORP.
5ca0a43dd867f02e280064dd,TW VENTURE I MANAGING MEMBER CORP.
5ca0a43dd867f02e280064de,TW VENTURE II LLC
5ca0a43dd867f02e280064df,TW VENTURE II MANAGING MEMBER CORP.
5ca0a43dd867f02e280064e0,UBS GROUP AG
5ca0a43dd867f02e280064e1,UNIT 2502 ENTERPRISES CORP.
5ca0a43dd867f02e280064e2,UNITED ARTISTS MEDIA GROUP
5ca0a43dd867f02e280064e3,US CONSUMER COALITION
5ca0a43dd867f02e280064e4,USAA
5ca0a43dd867f02e280064e5,USTC HOLDINGS LLC
5ca0a43dd867f02e280064e6,VALIC
5ca0a43dd867f02e280064e7,VALUE LINE
5ca0a43dd867f02e280064e8,VERNER LIIPFERT BERNHARD MCPHERSON AND HAND
5ca0a43dd867f02e280064e9,VH PROPERTY CORP.
5ca0a43dd867f02e280064ea,VORNADO REALTY TRUST
5ca0a43dd867f02e280064eb,VOYA FINANCIAL
5ca0a43dd867f02e280064ec,WELLCOME TRUST
5ca0a43dd867f02e280064ed,WENDOH MEDIA
5ca0a43dd867f02e280064ee,WESTERN ASSET MORTGAGE CAPITAL
5ca0a43dd867f02e280064ef,WEWORK
5ca0a43dd867f02e280064f0,WHITE COURSE MANAGING MEMBER CORP.
5ca0a43dd867f02e280064f1,X-CO DYNAMICS INC.
5ca0a43dd867f02e280064f2,XE SERVICES LLC
5ca0a43dd867f02e280064f3,"YOUNG AMERICA'S FOUNDATION
5ca0a43dd867f02e280064f4,"YY DEVELOPMENT GROUP
5ca0a43dd867f02e280064f5,ZQAN
5ca0a43dd867f02e280064f6,4 SHADOW TREE LANE LLC
5ca0a43dd867f02e280064f7,40 WALL STREET COMMERCIAL LLC
5ca0a43dd867f02e280064f8,TRUMP CHICAGO RETAIL LLC
5ca0a43dd867f02e280064f9,TRUMP COMMERCIAL CHICAGO LLC
5ca0a43dd867f02e280064fa,TRUMP PAYROLL CHICAGO LLC
5ca0a43dd867f02e280064fb,809 NORTH CANON LLC
5ca0a43dd867f02e280064fc,TRUMP CASINOS INC.
5ca0a43dd867f02e280064fd,TRUMP TAJ MAHAL INC.
5ca0a43dd867f02e280064fe,TRUMP MARKS PUNTA DEL ESTE LLC
5ca0a43dd867f02e280064ff,TRUMP TOWER COMMERCIAL LLC
5ca0a43dd867f02e28006500,AMWAY
5ca0a43dd867f02e28006501,TRUMP NATIONAL GOLF CLUB COLTS NECK LLC
5ca0a43dd867f02e28006502,AIG GLOBAL REAL ESTATE INVESTMENT CORP.
5ca0a43dd867f02e28006503,IRANIAN REVOLUTIONARY GUARD CORPS
5ca0a43dd867f02e28006504,BAKU XXI CENTURY
5ca0a43dd867f02e28006505,BANK OF AZERBAIJAN
5ca0a43dd867f02e28006506,THAYER AEROSPACE CONSOLIDATED INC.
5ca0a43dd867f02e28006507,1293 AVENUE OF THE AMERICAS A TENANCY-IN-COMMON
5ca0a43dd867f02e28006508,CASTLE ROCK ENTERTAINMENT
5ca0a43dd867f02e28006509,FL GROUP
5ca0a43dd867f02e2800650a,SWISS DEVELOPMENT GROUP
5ca0a43dd867f02e2800650b,SAPIR ORGANIZATION
5ca0a43dd867f02e2800650c,SEVEN SPRINGS LLC
5ca0a43dd867f02e2800650d,FIFTY-SEVENTH STREET ASSOCIATES LLC
5ca0a43dd867f02e2800650e,BRACEWELL & GIULIANI LLP
5ca0a43dd867f02e2800650f,BLACK MANAFORT STONE AND KELLY
5ca0a43dd867f02e28006510,C DEVELOPMENT VENTURES LLC
5ca0a43dd867f02e28006511,MAKING AMERICA GREAT
5ca0a43dd867f02e28006512,CIC PARTNERS
5ca0a43dd867f02e28006513,CARIBUSINESS INVESTMENTS S.R.L.
5ca0a43dd867f02e28006514,TRUMP NATIONAL GOLF CLUB WASHINGTON DC LLC
5ca0a43dd867f02e28006515,FINANCIAL FREEDOM
5ca0a43dd867f02e28006516,ONEWEST BANK FSB
5ca0a43dd867f02e28006517,BANNON STRATEGIC ADVISORS INC.
5ca0a43dd867f02e28006518,CITIZENS UNITED PRODUCTIONS
5ca0a43dd867f02e28006519,CDS LLC
5ca0a43dd867f02e2800651a,COLONY AMERICAN FINANCE
5ca0a43dd867f02e2800651b,NORTHSTAR REALTY EUROPE
5ca0a43dd867f02e2800651c,NORTHSTAR SECURITIES LLC
5ca0a43dd867f02e2800651d,ONE CENTRAL PARK WEST PT ASSOCIATES
5ca0a43dd867f02e2800651e,GREPLIN
5ca0a43dd867f02e2800651f,TITAN ATLAS MANUFACTURING
5ca0a43dd867f02e28006520,TRUMP KOREA LLC
5ca0a43dd867f02e28006521,PERICLES EMERGING MARKET MANAGERS L.P.
5ca0a43dd867f02e28006522,1290 AVENUE OF THE AMERICAS A TENANCY-IN-COMMON
5ca0a43dd867f02e28006523,TRUMP NATIONAL DORAL
5ca0a43dd867f02e28006524,SANEI INTERNATIONAL
5ca0a43dd867f02e28006525,BRIAR HALL OPERATIONS LLC
5ca0a43dd867f02e28006526,STEINMETZ DIAMOND GROUP
5ca0a43dd867f02e28006527,DJT UNIVERSITY MANAGING MEMBER LLC
5ca0a43dd867f02e28006528,DJT UNIVERSITY MEMBER LLC
5ca0a43dd867f02e28006529,DT CONNECT II LLC
5ca0a43dd867f02e2800652a,PINE HILL DEVELOPMENT LLC
5ca0a43dd867f02e2800652b,THC VENTURE I LLC
5ca0a43dd867f02e2800652c,TNGC JUPITER MANAGEMENT LLC
5ca0a43dd867f02e2800652d,TRUMP MARKS ASIA LLC
5ca0a43dd867f02e2800652e,TRUMP NATIONAL GOLF CLUB - CHARLOTTE
5ca0a43dd867f02e2800652f,TRUMP NATIONAL GOLF CLUB - HUDSON VALLEY
5ca0a43dd867f02e28006530,TRUMP NATIONAL GOLF CLUB - JUPITER
5ca0a43dd867f02e28006531,TRUMP NATIONAL GOLF CLUB - PHILADELPHIA
5ca0a43dd867f02e28006532,TRUMP NATIONAL GOLF CLUB - WESTCHESTER
5ca0a43dd867f02e28006533,TRUMP SCOTSBOROUGH SQUARE LLC
5ca0a43dd867f02e28006534,TRUMP VIRGINIA LOT 5 LLC
5ca0a43dd867f02e28006535,TRUMP WINE MARKS LLC
5ca0a43dd867f02e28006536,TW VENTURE I LLC
5ca0a43dd867f02e28006537,WHITE COURSE LLC
5ca0a43dd867f02e28006538,TAG AIR INC.
5ca0a43dd867f02e28006539,RECOLTE
5ca0a43dd867f02e2800653a,TRUMP MARKS NETWORK LLC
5ca0a43dd867f02e2800653b,TRUMP MARKS NETWORK MEMBER INC
5ca0a43dd867f02e2800653c,DT APP WARRANT HOLDING LLC
5ca0a43dd867f02e2800653d,DT BALI GOLF MANAGER LLC
5ca0a43dd867f02e2800653e,DT BALI HOTEL MANAGER LLC
5ca0a43dd867f02e2800653f,DT BALI TECHNICAL SERVICES MANAGER LLC
5ca0a43dd867f02e28006540,GOP DATA TRUST LLC
5ca0a43dd867f02e28006541,DT CONNECT LLC
5ca0a43dd867f02e28006542,DT DUBAI GOLF MANAGER LLC
5ca0a43dd867f02e28006543,DT DUBAI II GOLF MANAGER LLC
5ca0a43dd867f02e28006544,DT HOME MARKS INTERNATIONAL LLC
5ca0a43dd867f02e28006545,DT INDIA VENTURE MANAGING MEMBER CORP.
5ca0a43dd867f02e28006546,DT JEDDAH TECHNICAL SERVICES ADVISOR LLC
5ca0a43dd867f02e28006547,DT JEDDAH TECHNICAL SERVICES MANAGER LLC
5ca0a43dd867f02e28006548,DT LIDO GOLF MANAGER LLC
5ca0a43dd867f02e28006549,DT LIDO HOTEL MANAGER LLC
5ca0a43dd867f02e2800654a,DT LIDO TECHNICAL SERVICES MANAGER LLC
5ca0a43dd867f02e2800654b,DT MARKS BAKU LLC
5ca0a43dd867f02e2800654c,DT MARKS BALI LLC
5ca0a43dd867f02e2800654d,DT MARKS DUBAI II LLC
5ca0a43dd867f02e2800654e,DT MARKS DUBAI LLC
5ca0a43dd867f02e2800654f,DT MARKS GURGAON LLC
5ca0a43dd867f02e28006550,DT MARKS LIDO LLC
5ca0a43dd867f02e28006551,DT MARKS PRODUCTS INTERNATIONAL LLC
5ca0a43dd867f02e28006552,DT MARKS PUNE II LLC
5ca0a43dd867f02e28006553,DT MARKS PUNE LLC
5ca0a43dd867f02e28006554,DT MARKS QATAR LLC
5ca0a43dd867f02e28006555,MRP GROUP
5ca0a43dd867f02e28006556,DT MARKS RIO LLC
5ca0a43dd867f02e28006557,DT MARKS VANCOUVER LP
5ca0a43dd867f02e28006558,DT MARKS WORLI LLC
5ca0a43dd867f02e28006559,DT TOWER GURGAON LLC
5ca0a43dd867f02e2800655a,DT TOWER I LLC
5ca0a43dd867f02e2800655b,DT TOWER KOLKATA LLC
5ca0a43dd867f02e2800655c,EID VENTURE II LLC
5ca0a43dd867f02e2800655d,EURASIAN NATURAL RESOURCES CORPORATION
5ca0a43dd867f02e2800655e,EXCEL VENTURE I LLC
5ca0a43dd867f02e2800655f,TRUMP PALACE/PARC LLC
5ca0a43dd867f02e28006560,TRUMP FLIGHTS INC.
5ca0a43dd867f02e28006561,INOVO BV
5ca0a43dd867f02e28006562,TRUMP PARK AVENUE LLC
5ca0a43dd867f02e28006563,1292 AVENUE OF THE AMERICAS A TENANCY-IN-COMMON
5ca0a43dd867f02e28006564,INTERNET GAMING ENTERTAINMENT
5ca0a43dd867f02e28006565,REALCADRE LLC
5ca0a43dd867f02e28006566,GOLF PRODUCTIONS LLC
5ca0a43dd867f02e28006567,DT CONNECT EUROPE LIMITED
5ca0a43dd867f02e28006568,BREITBART NEWS
5ca0a43dd867f02e28006569,HWA 555 OWNERS LLC
5ca0a43dd867f02e2800656a,HUDSON WATERFRONT ASSOCIATES L.P.
5ca0a43dd867f02e2800656b,HUDSON WATERFRONT ASSOCIATES II L.P.
5ca0a43dd867f02e2800656c,WANDERS DISTILLERY OF HOLLAND
5ca0a43dd867f02e2800656d,INDIAN HILLS DEVELOPMENT LLC
5ca0a43dd867f02e2800656e,ZARA
5ca0a43dd867f02e2800656f,IT APPAREL II LLC
5ca0a43dd867f02e28006570,IT BABY HOME LLC
5ca0a43dd867f02e28006571,IT EYEWEAR LLC
5ca0a43dd867f02e28006572,IT FASHION JEWELRY LLC
5ca0a43dd867f02e28006573,IT FRAGRANCE LLC
5ca0a43dd867f02e28006574,IT HANDBAGS LLC
5ca0a43dd867f02e28006575,IT HOME MARKS LLC
5ca0a43dd867f02e28006576,IVANKA TRUMP MARKS II LLC
5ca0a43dd867f02e28006577,IVANKA TRUMP MARKS JEWELRY LLC
5ca0a43dd867f02e28006578,IVANKA TRUMP MARKS LLC
5ca0a43dd867f02e28006579,IVANKA OPO HOTEL MANAGER LLC
5ca0a43dd867f02e2800657a,IVANKA OPO LLC
5ca0a43dd867f02e2800657b,VICTORY FILM PROJECT LLC
5ca0a43dd867f02e2800657c,FLINT HILLS PUBLIC POLICY INSTITUTE
5ca0a43dd867f02e2800657d,ROBERT M. BASS GROUP
5ca0a43dd867f02e2800657e,AZARPASSILLO
5ca0a43dd867f02e2800657f,KOCH HEAT TRANSFER COMPANY
5ca0a43dd867f02e28006580,AFRICA-ISRAEL INVESTMENTS
5ca0a43dd867f02e28006581,GAIA INVESTMENT CORP.
5ca0a43dd867f02e28006582,JK2 WESTMINSTER LLC
5ca0a43dd867f02e28006583,KABR GROUP
5ca0a43dd867f02e28006584,KUSHNER VILLAGE 325 EAST 10TH LLC
5ca0a43dd867f02e28006585,KUSHNER VILLAGE 329 EAST 9TH LLC
5ca0a43dd867f02e28006586,LINCOLN PROPERTY CO.
5ca0a43dd867f02e28006587,MORGAN PROPERTIES
5ca0a43dd867f02e28006588,STONEHAGE FLEMING
5ca0a43dd867f02e28006589,TARRAGON CORP.
5ca0a43dd867f02e2800658a,TISHMAN SPEYER PROPERTIES
5ca0a43dd867f02e2800658b,WESTMINSTER CITY LIVING
5ca0a43dd867f02e2800658c,WESTMINSTER MANAGEMENT
5ca0a43dd867f02e2800658d,WESTMINSTER RESIDENTIAL ACQUISITION LLC
5ca0a43dd867f02e2800658e,INVESCO
5ca0a43dd867f02e2800658f,TRUMP PLAZA LLC
5ca0a43dd867f02e28006590,TRUMP NATIONAL GOLF CLUB - BEDMINSTER
5ca0a43dd867f02e28006591,TRUMP HOTEL COLLECTION
5ca0a43dd867f02e28006592,IVANKA TRUMP FINE JEWELRY
5ca0a43dd867f02e28006593,GLITTERING STEEL LLC
5ca0a43dd867f02e28006594,MALC INC.
5ca0a43dd867f02e28006595,MAR-A-LAGO CLUB LLC
5ca0a43dd867f02e28006596,AMERICAN ASSOCIATION FOR AEROSOL RESEARCH
5ca0a43dd867f02e28006597,AMERICAN MUSEUM OF NATURAL HISTORY
5ca0a43dd867f02e28006598,BERKELEY EARTH
5ca0a43dd867f02e28006599,CATO INSTITUTE
5ca0a43dd867f02e2800659a,CENTER FOR DEFENSE OF FREE ENTERPRISE
5ca0a43dd867f02e2800659b,CHERISH FREEDOM FOUNDATION
5ca0a43dd867f02e2800659c,CITIZENS UNITED FOUNDATION
5ca0a43dd867f02e2800659d,CLASSROOM INC.
5ca0a43dd867f02e2800659e,COMMUNITY FOUNDATION OF HUDSON VALLEY
5ca0a43dd867f02e2800659f,COUNCIL FOR NATIONAL POLICY
5ca0a43dd867f02e280065a0,EMPIRE CENTER FOR PUBLIC POLICY
5ca0a43dd867f02e280065a1,ENCOUNTER FOR CULTURE AND EDUCATION
5ca0a43dd867f02e280065a2,FOUNDATION FOR CULTURAL REVIEW/THE NEW CRITERION
5ca0a43dd867f02e280065a3,GATESTONE INSTITUTE
5ca0a43dd867f02e280065a4,HISTORICAL ROYAL PLACES
5ca0a43dd867f02e280065a5,ILLINOIS POLICY INSTITUTE
5ca0a43dd867f02e280065a6,JOB CREATORS ALLIANCE
5ca0a43dd867f02e280065a7,JOHN HANCOCK COMMITTEE FOR THE STATES
5ca0a43dd867f02e280065a8,KING'S COLLEGE
5ca0a43dd867f02e280065a9,MANHATTAN INSTITUTE FOR POLICY
5ca0a43dd867f02e280065aa,MEDIA RESEARCH CENTER
5ca0a43dd867f02e280065ab,MOVING PICTURE INSTITUTE
5ca0a43dd867f02e280065ac,NATIONAL YOUTH SCIENCE FUND
5ca0a43dd867f02e280065ad,PATTON FOUNDATION
5ca0a43dd867f02e280065ae,REASON FOUNDATION
5ca0a43dd867f02e280065af,RECLAIM NEW YORK
5ca0a43dd867f02e280065b0,SUCCESS ACADEMY CHARTER
5ca0a43dd867f02e280065b1,TEXAS FREEDOM NETWORK
5ca0a43dd867f02e280065b2,THE BARRY GOLDWATER INSTITUTE
5ca0a43dd867f02e280065b3,THE BECKET FUND
5ca0a43dd867f02e280065b4,THE CALVIN COOLIDGE FOUNDATION
5ca0a43dd867f02e280065b5,THE FEDERALIST SOCIETY
5ca0a43dd867f02e280065b6,THE GEORGE W BUSH FOUNDATION
5ca0a43dd867f02e280065b7,THE HEARTLAND INSTITUTE
5ca0a43dd867f02e280065b8,THE LEADERSHIP FOUNDATION
5ca0a43dd867f02e280065b9,THE STONYBROOK FOUNDATION
5ca0a43dd867f02e280065ba,THE WORLD SCIENCE FESTIVAL
5ca0a43dd867f02e280065bb,WILDLIFE CONSERVATION SOCIETY
5ca0a43dd867f02e280065bc,MERRILL LYNCH HOME LOANS
5ca0a43dd867f02e280065bd,ZAPOROZHSTAL
5ca0a43dd867f02e280065be,TRUMP PAGEANTS LP
5ca0a43dd867f02e280065bf,MNC BANK
5ca0a43dd867f02e280065c0,MNC CORPORATION
5ca0a43dd867f02e280065c1,MNC FINANCIAL SERVICES
5ca0a43dd867f02e280065c2,MNC LAND
5ca0a43dd867f02e280065c3,MNC MEDIA
5ca0a43dd867f02e280065c4,MOBILE PAYROLL CONSTRUCTION LLC
5ca0a43dd867f02e280065c5,TRUMP/NEW WORLD PROPERTY MANAGEMENT LLC
5ca0a43dd867f02e280065c6,PUBLIUS GROUP
5ca0a43dd867f02e280065c7,OCEAN DEVELOPMENT SERVICES LLC
5ca0a43dd867f02e280065c8,DON OPO HOTEL MANAGER LLC
5ca0a43dd867f02e280065c9,ERIC OPO HOTEL MANAGER LLC
5ca0a43dd867f02e280065ca,THC DC RESTAURANT HOSPITALITY LLC
5ca0a43dd867f02e280065cb,PANAMA OCEAN CLUB MANAGEMENT LLC
5ca0a43dd867f02e280065cc,PARAMOUNT RPV HOLDINGS LLC
5ca0a43dd867f02e280065cd,BLACK SEA CABLE
5ca0a43dd867f02e280065ce,OSCAR INSURANCE CORPORATION
5ca0a43dd867f02e280065cf,THE EAST 61 STREET COMPANY L.P.
5ca0a43dd867f02e280065d0,POKER VENTURE LLC
5ca0a43dd867f02e280065d1,REYNOLDS AMERICAN INC.
5ca0a43dd867f02e280065d2,ISLAMIC REVOLUTION MOSTAZAFAN FOUNDATION
5ca0a43dd867f02e280065d3,SOROS FUND MANAGEMENT LLC
5ca0a43dd867f02e280065d4,RUSSIAN-AMERICAN CHAMBER OF COMMERCE IN THE USA
5ca0a43dd867f02e280065d5,RESTAURANT 40 LLC
5ca0a43dd867f02e280065d6,GLENCORE
5ca0a43dd867f02e280065d7,NEFTEGAZ HOLDING AMERICA LIMITED
5ca0a43dd867f02e280065d8,QATARI INVESTMENT AUTHORITY
5ca0a43dd867f02e280065d9,RN CARDIUM OIL INC.
5ca0a43dd867f02e280065da,BEHAVIOURAL DYNAMICS INSTITUTE
5ca0a43dd867f02e280065db,IOTA GLOBAL
5ca0a43dd867f02e280065dc,TRUMP JETS LLC
5ca0a43dd867f02e280065dd,SOCIÉTÉ GÉNÉRALE
5ca0a43dd867f02e280065de,NITTO WORLD CO. LIMITED
5ca0a43dd867f02e280065df,TRUMP ON THE OCEAN LLC
5ca0a43dd867f02e280065e0,TRUMP INTERNATIONAL REALTY
5ca0a43dd867f02e280065e1,THC BAKU HOTEL MANAGER SERVICES LLC
5ca0a43dd867f02e280065e2,THC BAKU SERVICES LLC
5ca0a43dd867f02e280065e3,THC CENTRAL RESERVATIONS LLC
5ca0a43dd867f02e280065e4,TRUMP CHINA DEVELOPMENT LLC
5ca0a43dd867f02e280065e5,TRUMP CHINA DEVELOPMENT MANAGEMENT CORP.
5ca0a43dd867f02e280065e6,THC CHINA TECHNICAL SERVICES LLC
5ca0a43dd867f02e280065e7,THC BARRA HOTELARIA LTDA
5ca0a43dd867f02e280065e8,THC DEVELOPMENT BRAZIL LLC
5ca0a43dd867f02e280065e9,THC DUBAI II HOTEL MANAGER LLC
5ca0a43dd867f02e280065ea,THC JEDDAH HOTEL ADVISOR LLC
5ca0a43dd867f02e280065eb,THC JEDDAH HOTEL MANAGER LLC
5ca0a43dd867f02e280065ec,THC MIAMI RESTAURANT HOSPITALITY LLC
5ca0a43dd867f02e280065ed,THC QATAR HOTEL MANAGER LLC
5ca0a43dd867f02e280065ee,THC RIO MANAGER LLC
5ca0a43dd867f02e280065ef,THC SALES & MARKETING LLC
5ca0a43dd867f02e280065f0,THC SERVICES SHENZHEN LLC
5ca0a43dd867f02e280065f1,THC SHENZHEN HOTEL MANAGER LLC
5ca0a43dd867f02e280065f2,THC VANCOUVER PAYROLL ULC
5ca0a43dd867f02e280065f3,THC VENTURE II LLC
5ca0a43dd867f02e280065f4,TRUMP HOTELS & CASINO RESORTS INC.
5ca0a43dd867f02e280065f5,ENTERTAINMENT CONSULTING INTERNATIONAL
5ca0a43dd867f02e280065f6,BEACH HAVEN APT #1. INC.
5ca0a43dd867f02e280065f7,SHORE HAVEN APT#1 INC.
5ca0a43dd867f02e280065f8,THE DONALD J. TRUMP COMPANY LLC
5ca0a43dd867f02e280065f9,HERITAGE ACTION FOR AMERICA
5ca0a43dd867f02e280065fa,TRUMP EDUCATION ULC NOVA SCOTIA
5ca0a43dd867f02e280065fb,THE TRUMP FOLLIES LLC
5ca0a43dd867f02e280065fc,TRUMP MARKS REAL ESTATE LLC
5ca0a43dd867f02e280065fd,CAP CANA S.A.
5ca0a43dd867f02e280065fe,HOLBORN GROUP OF COMPANIES
5ca0a43dd867f02e280065ff,KLAFTER & BURKE
5ca0a43dd867f02e28006600,SILK ROAD GROUP
5ca0a43dd867f02e28006601,TA GLOBAL BERHAD
5ca0a43dd867f02e28006602,TALON INTERNATIONAL DEVELOPMENT
5ca0a43dd867f02e28006603,THE TRUMP HOTEL CORPORATION
5ca0a43dd867f02e28006604,TRUMP INTERNATIONAL GOLF CLUB SCOTLAND LIMITED
5ca0a43dd867f02e28006605,TRUMP MORTGAGE LLC
5ca0a43dd867f02e28006606,42FLOORS
5ca0a43dd867f02e28006607,ALBUMATIC
5ca0a43dd867f02e28006608,AND CO
5ca0a43dd867f02e28006609,ARTSY
5ca0a43dd867f02e2800660a,BABY.COM.BR
5ca0a43dd867f02e2800660b,BENCHLING
5ca0a43dd867f02e2800660c,BONDSY
5ca0a43dd867f02e2800660d,CHAIN
5ca0a43dd867f02e2800660e,CLASSPASS
5ca0a43dd867f02e2800660f,CODECADEMY
5ca0a43dd867f02e28006610,COMPASS REAL ESTATE
5ca0a43dd867f02e28006611,DISPATCH.IO
5ca0a43dd867f02e28006612,DWOLLA
5ca0a43dd867f02e28006613,FAB.COM
5ca0a43dd867f02e28006614,FIFTYTHREE
5ca0a43dd867f02e28006615,FLATIRON SCHOOL
5ca0a43dd867f02e28006616,GIFTLY
5ca0a43dd867f02e28006617,GITHUB
5ca0a43dd867f02e28006618,GLOSSIER
5ca0a43dd867f02e28006619,GOBBLE
5ca0a43dd867f02e2800661a,GREENHOUSE
5ca0a43dd867f02e2800661b,GROUPME
5ca0a43dd867f02e2800661c,HARRY'S RAZOR COMPANY
5ca0a43dd867f02e2800661d,HIGHTOWER
5ca0a43dd867f02e2800661e,HONEST BUILDINGS
5ca0a43dd867f02e2800661f,HONOR
5ca0a43dd867f02e28006620,HOT POTATO
5ca0a43dd867f02e28006621,HOWABOUTWE
5ca0a43dd867f02e28006622,HYPERPUBLIC
5ca0a43dd867f02e28006623,IMBELLUS
5ca0a43dd867f02e28006624,INSTACART
5ca0a43dd867f02e28006625,INSTAGRAM
5ca0a43dd867f02e28006626,INTO THE GLOSS
5ca0a43dd867f02e28006627,JELLO LABS
5ca0a43dd867f02e28006628,JET.COM
5ca0a43dd867f02e28006629,JIBE
5ca0a43dd867f02e2800662a,JOYABLE
5ca0a43dd867f02e2800662b,JUICERO
5ca0a43dd867f02e2800662c,JUMP RAMP GAMES
5ca0a43dd867f02e2800662d,JUSTWORKS
5ca0a43dd867f02e2800662e,KICKSTARTER
5ca0a43dd867f02e2800662f,KINNEK
5ca0a43dd867f02e28006630,LATTICE
5ca0a43dd867f02e28006631,LOLA
5ca0a43dd867f02e28006632,MAKERBOT
5ca0a43dd867f02e28006633,MAPBOX
5ca0a43dd867f02e28006634,MAPLE
5ca0a43dd867f02e28006635,NASTY GAL
5ca0a43dd867f02e28006636,NEVERWARE
5ca0a43dd867f02e28006637,ONSWIPE
5ca0a43dd867f02e28006638,OOPA DESIGN
5ca0a43dd867f02e28006639,OPENDOOR
5ca0a43dd867f02e2800663a,OPENGOV
5ca0a43dd867f02e2800663b,ORCHARD PLATFORM
5ca0a43dd867f02e2800663c,PAPERLESS POST
5ca0a43dd867f02e2800663d,PATREON
5ca0a43dd867f02e2800663e,PITZI
5ca0a43dd867f02e2800663f,RELATEIQ
5ca0a43dd867f02e28006640,RENTJUICE
5ca0a43dd867f02e28006641,RESEARCHGATE
5ca0a43dd867f02e28006642,ROOMORAMA
5ca0a43dd867f02e28006643,SAILTHRU
5ca0a43dd867f02e28006644,SEGMENT.IO
5ca0a43dd867f02e28006645,SHIFT LABS
5ca0a43dd867f02e28006646,SIMPLE
5ca0a43dd867f02e28006647,SLACK TECHNOLOGIES
5ca0a43dd867f02e28006648,SPREE COMMERCE
5ca0a43dd867f02e28006649,STRIPE
5ca0a43dd867f02e2800664a,TICKTAIL
5ca0a43dd867f02e2800664b,TUTORSPREE
5ca0a43dd867f02e2800664c,TWITCH INTERACTIVE
5ca0a43dd867f02e2800664d,UNITY TECHNOLOGIES
5ca0a43dd867f02e2800664e,VYCLONE
5ca0a43dd867f02e2800664f,WARBY PARKER
5ca0a43dd867f02e28006650,WHISPER
5ca0a43dd867f02e28006651,ZOLA
5ca0a43dd867f02e28006652,TRUMP INTERNATIONAL HOTEL HAWAII LLC
5ca0a43dd867f02e28006653,TIHT COMMERCIAL LLC
5ca0a43dd867f02e28006654,TITAN ATLAS GLOBAL
5ca0a43dd867f02e28006655,TRUMP MODEL MANAGEMENT LLC
5ca0a43dd867f02e28006656,TRUMP MARKS CLASSIC CARS LLC
5ca0a43dd867f02e28006657,TRUMP MARKS CLASSIC CARS MEMBER CORP.
5ca0a43dd867f02e28006658,CREST COURT LLC
5ca0a43dd867f02e28006659,CREST COURT MEMBER CORP.
5ca0a43dd867f02e2800665a,TP CFD LLC
5ca0a43dd867f02e2800665b,TOYS AT TRUMP INC.
5ca0a43dd867f02e2800665c,845 UN LIMITED PARTNERSHIP
5ca0a43dd867f02e2800665d,845 UN LLC
5ca0a43dd867f02e2800665e,TRUMP AC CASINO MARKS LLC
5ca0a43dd867f02e2800665f,TRUMP ACQUISITION LLC
5ca0a43dd867f02e28006660,TRUMP BOOKS LLC
5ca0a43dd867f02e28006661,BRIAR HALL DEVELOPMENT LLC
5ca0a43dd867f02e28006662,TRUMP CANOUAN ESTATE LLC
5ca0a43dd867f02e28006663,TRUMP CAROUSEL LLC
5ca0a43dd867f02e28006664,TRUMP CHICAGO COMMERCIAL MANAGER LLC
5ca0a43dd867f02e28006665,TRUMP CHICAGO HOTEL MANAGER LLC
5ca0a43dd867f02e28006666,TRUMP CHICAGO RESIDENTIAL MANAGER LLC
5ca0a43dd867f02e28006667,TRUMP CHICAGO RETAIL MANAGER LLC
5ca0a43dd867f02e28006668,TRUMP CLASSIC CARS LLC
5ca0a43dd867f02e28006669,TRUMP CPS LLC
5ca0a43dd867f02e2800666a,TRUMP DEVELOPMENT SERVICES LLC
5ca0a43dd867f02e2800666b,TRUMP DRINKS ISRAEL HOLDINGS LLC
5ca0a43dd867f02e2800666c,TRUMP DRINKS ISRAEL LLC
5ca0a43dd867f02e2800666d,ICAHN ENTERPRISES L.P.
5ca0a43dd867f02e2800666e,TRUMP EU MARKS LLC
5ca0a43dd867f02e2800666f,TRUMP FERRY POINT LLC
5ca0a43dd867f02e28006670,TRUMP FLORIDA MANAGEMENT LLC
5ca0a43dd867f02e28006671,TRUMP GOLF COCO BEACH LLC
5ca0a43dd867f02e28006672,TRUMP HOME MARKS LLC
5ca0a43dd867f02e28006673,TRUMP INTERNATIONAL DEVELOPMENT LLC
5ca0a43dd867f02e28006674,TRUMP INTERNATIONAL GOLF CLUB LC
5ca0a43dd867f02e28006675,TIGL IRELAND MANAGEMENT LIMITED
5ca0a43dd867f02e28006676,THC IMEA DEVELOPMENT LLC
5ca0a43dd867f02e28006677,TRUMP LAS OLAS LLC
5ca0a43dd867f02e28006678,TRUMP MARKS ATLANTA LLC
5ca0a43dd867f02e28006679,TRUMP MARKS BAJA LLC
5ca0a43dd867f02e2800667a,TRUMP MARKS BATUMI LLC
5ca0a43dd867f02e2800667b,TRUMP MARKS BEVERAGES LLC
5ca0a43dd867f02e2800667c,TRUMP MARKS CANOUAN LLC
5ca0a43dd867f02e2800667d,TRUMP MARKS CHICAGO LLC
5ca0a43dd867f02e2800667e,TRUMP MARKS DUBAI LLC
5ca0a43dd867f02e2800667f,TRUMP MARKS EGYPT LLC
5ca0a43dd867f02e28006680,TRUMP MARKS FINE FOODS LLC
5ca0a43dd867f02e28006681,TRUMP MARKS FT. LAUDERDALE LLC
5ca0a43dd867f02e28006682,TRUMP MARKS LLC
5ca0a43dd867f02e28006683,TRUMP MARKS LP
5ca0a43dd867f02e28006684,TRUMP MARKS HOLLYWOOD LLC
5ca0a43dd867f02e28006685,TRUMP MARKS ISTANBUL II LLC
5ca0a43dd867f02e28006686,TRUMP MARKS JERSEY CITY LLC
5ca0a43dd867f02e28006687,TRUMP MARKS LAS VEGAS LLC
5ca0a43dd867f02e28006688,TRUMP MARKS MAGAZINE LLC
5ca0a43dd867f02e28006689,TRUMP MARKS MATTRESS LLC
5ca0a43dd867f02e2800668a,TRUMP MARKS MENSWEAR LLC
5ca0a43dd867f02e2800668b,TRUMP MARKS MTG LLC
5ca0a43dd867f02e2800668c,TRUMP MARKS MUMBAI LLC
5ca0a43dd867f02e2800668d,TRUMP MARKS NEW ROCHELLE LLC
5ca0a43dd867f02e2800668e,TRUMP MARKS PALM BEACH LLC
5ca0a43dd867f02e2800668f,TRUMP MARKS PANAMA LLC
5ca0a43dd867f02e28006690,TRUMP MARKS PHILADELPHIA LLC
5ca0a43dd867f02e28006691,TRUMP MARKS PHILIPPINES LLC
5ca0a43dd867f02e28006692,TRUMP MARKS PRODUCTS LLC
5ca0a43dd867f02e28006693,TRUMP MARKS PUERTO RICO I LLC
5ca0a43dd867f02e28006694,TRUMP MARKS PUERTO RICO II LLC
5ca0a43dd867f02e28006695,TRUMP MARKS SOHO LLC
5ca0a43dd867f02e28006696,TRUMP MARKS STAMFORD LLC
5ca0a43dd867f02e28006697,TRUMP MARKS SUNNY ISLES I LLC
5ca0a43dd867f02e28006698,TRUMP MARKS SUNNY ISLES II LLC
5ca0a43dd867f02e28006699,TRUMP MARKS TAMPA LLC
5ca0a43dd867f02e2800669a,TRUMP MARKS TORONTO LLC
5ca0a43dd867f02e2800669b,TRUMP TORONTO MANAGEMENT LP
5ca0a43dd867f02e2800669c,TRUMP MARKS WAIKIKI LLC
5ca0a43dd867f02e2800669d,TRUMP MARKS WESTCHESTER LLC
5ca0a43dd867f02e2800669e,TRUMP MARKS WHITE PLAINS LLC
5ca0a43dd867f02e2800669f,TRUMP MIAMI RESORT MANAGEMENT LLC
5ca0a43dd867f02e280066a0,VHPS LLC
5ca0a43dd867f02e280066a1,TRUMP NATIONAL GOLF CLUB - COLTS NECK
5ca0a43dd867f02e280066a2,DON OPO LLC
5ca0a43dd867f02e280066a3,ERIC OPO LLC
5ca0a43dd867f02e280066a4,CENDYN
5ca0a43dd867f02e280066a5,CENTURY PROPERTIES
5ca0a43dd867f02e280066a6,DAMAC GROUP
5ca0a43dd867f02e280066a7,DOGAN GROUP
5ca0a43dd867f02e280066a8,DORYA INTERNATIONAL
5ca0a43dd867f02e280066a9,IREO
5ca0a43dd867f02e280066aa,MOS CITY GROUP
5ca0a43dd867f02e280066ab,NAKHEEL LLC
5ca0a43dd867f02e280066ac,PANCHSHIL REALTY
5ca0a43dd867f02e280066ad,TRIBECA DEVELOPERS OF MUMBAI
5ca0a43dd867f02e280066ae,TRUMP MARKS MMA LLC
5ca0a43dd867f02e280066af,YUN CAPITAL
5ca0a43dd867f02e280066b0,TRUMP PANAMA CONDOMINIUM MANAGEMENT LLC
5ca0a43dd867f02e280066b1,TRUMP PANAMA HOTEL MANAGEMENT LLC
5ca0a43dd867f02e280066b2,TRUMP PLAZA CORP.
5ca0a43dd867f02e280066b3,RANCHO LIEN LLC
5ca0a43dd867f02e280066b4,TOWER MORTGAGE SERVICES LLC
5ca0a43dd867f02e280066b5,TRUMP MORTGAGE SERVICES LLC
5ca0a43dd867f02e280066b6,TRUMP RUFFIN COMMERCIAL LLC
5ca0a43dd867f02e280066b7,TRUMP SALES & LEASING CHICAGO LLC
5ca0a43dd867f02e280066b8,TRUMP INTERNATIONAL GOLF LINKS - SCOTLAND
5ca0a43dd867f02e280066b9,TRUMP TORONTO MANAGEMENT MEMBER CORP.
5ca0a43dd867f02e280066ba,TRUMP EDUCATION ULC QUEBEC
5ca0a43dd867f02e280066bb,ERIC TRUMP LAND HOLDINGS LLC
5ca0a43dd867f02e280066bc,VIRGINIA ACQUISITIONS LLC
5ca0a43dd867f02e280066bd,ERIC TRUMP WINE MANUFACTURING LLC
5ca0a43dd867f02e280066be,TRUMP WORLD PRODUCTIONS LLC
5ca0a43dd867f02e280066bf,TC MARKS BUENOS AIRES LLC
5ca0a43dd867f02e280066c0,1291 AVENUE OF THE AMERICAS A TENANCY-IN-COMMON
5ca0a43dd867f02e280066c1,UNIT 2502 ENTERPRISES LLC
5ca0a43dd867f02e280066c2,WISE PUBLIC AFFAIRS
5ca0a43dd867f02e280066c3,DLA PIPER
5ca0a43dd867f02e280066c4,IRON BRIDGE GROUP
5ca0a43dd867f02e280066c5,BLACKWATER WORLDWIDE
5ca0a43dd867f02e280066c6,BANNON FILM INDUSTRIES INC.
5ca0a43dd867f02e280066c7,4C INSIGHTS
5ca0a43dd867f02e280066c8,ALABAMA POLICY INSTITUTE
5ca0a43dd867f02e280066c9,AMERICA RISING LLC
5ca0a43dd867f02e280066ca,AMERICAN LEGACY CENTER
5ca0a43dd867f02e280066cb,AMERICANS FOR PROSPERITY
5ca0a43dd867f02e280066cc,AMPAL-AMERICAN ISRAEL CORP.
5ca0a43dd867f02e280066cd,ARIZONA HOUSE OF REPRESENTATIVES
5ca0a43dd867f02e280066ce,BELEN JESUIT PREPARATORY SCHOOL
5ca0a43dd867f02e280066cf,BFPS VENTURES LLC
5ca0a43dd867f02e280066d0,CHRIS CHRISTIE FOR PRESIDENT INC.
5ca0a43dd867f02e280066d1,COMMAND CONSULTING GROUP
5ca0a43dd867f02e280066d2,COMMUNICATIONS PRODUCTS INC.
5ca0a43dd867f02e280066d3,CONNECTED NATION
5ca0a43dd867f02e280066d4,COZEN O'CONNOR
5ca0a43dd867f02e280066d5,CUBIC CORPORATION
5ca0a43dd867f02e280066d6,DAVIS CLARK & BONAFONTE LLC
5ca0a43dd867f02e280066d7,DONALD J. TRUMP FOR PRESIDENT INC.
5ca0a43dd867f02e280066d8,DREXEL UNIVERSITY
5ca0a43dd867f02e280066d9,FITZPATRICK HAGOOD SMITH & UHL LLP
5ca0a43dd867f02e280066da,FLEMING FOR LOUISIANA
5ca0a43dd867f02e280066db,FOX FACTORY INC.
5ca0a43dd867f02e280066dc,FREEDOM PARTNERS CHAMBER OF COMMERCE
5ca0a43dd867f02e280066dd,FRIENDS OF TODD YOUNG
5ca0a43dd867f02e280066de,GARY PALMER FOR CONGRESS
5ca0a43dd867f02e280066df,GCM GROSVENOR
5ca0a43dd867f02e280066e0,GIBSON DUNN
5ca0a43dd867f02e280066e1,GINGRICH PRODUCTIONS
5ca0a43dd867f02e280066e2,HAF MEDIA LLC
5ca0a43dd867f02e280066e3,HARVARD UNIVERSITY
5ca0a43dd867f02e280066e4,HOLTZMAN VOGEL JOSEFIAK TORCHINSKY
5ca0a43dd867f02e280066e5,I360
5ca0a43dd867f02e280066e6,INGRAHAM RADIO LLC
5ca0a43dd867f02e280066e7,ISA INTERNATIONALE INC.
5ca0a43dd867f02e280066e8,JEB 2016 INC.
5ca0a43dd867f02e280066e9,JWH CONSULTING LLC
5ca0a43dd867f02e280066ea,KANSAS FOR HUELSKAMP
5ca0a43dd867f02e280066eb,KING FOR CONGRESS
5ca0a43dd867f02e280066ec,KIRK FOR SENATE
5ca0a43dd867f02e280066ed,KIRKLAND & ELLIS LLP
5ca0a43dd867f02e280066ee,KS GLOBAL GROUP LLC
5ca0a43dd867f02e280066ef,MATT BEVIN FOR KENTUCKY INC.
5ca0a43dd867f02e280066f0,MCCONNELL SENATE COMMITTEE '14
5ca0a43dd867f02e280066f1,MIKE PENCE FOR INDIANA
5ca0a43dd867f02e280066f2,NATIONAL FEDERATION OF INDEPENDENT BUSINESS
5ca0a43dd867f02e280066f3,NATIONAL RIFLE ASSOCIATION
5ca0a43dd867f02e280066f4,NOELLE NIKPOUR FOR CONGRESS
5ca0a43dd867f02e280066f5,NORTH ASTOR STREET CONDO
5ca0a43dd867f02e280066f6,PARKER TIDE CORP.
5ca0a43dd867f02e280066f7,PENNSYLVANIA LEGAL AID
5ca0a43dd867f02e280066f8,PHILDELPHIA FREEDOM VALLEY YMCA
5ca0a43dd867f02e280066f9,PRIME HEALTH SERVICES
5ca0a43dd867f02e280066fa,RAND PAUL FOR PRESIDENT INC.
5ca0a43dd867f02e280066fb,REPUBLICAN NATIONAL COMMITTEE
5ca0a43dd867f02e280066fc,REPUBLICAN PARTY OF TEXAS
5ca0a43dd867f02e280066fd,RIGHT TO RISE PAC
5ca0a43dd867f02e280066fe,ROD BLUM FOR CONGRESS
5ca0a43dd867f02e280066ff,ROMNEY FOR PRESIDENT INC.
5ca0a43dd867f02e28006700,RON JOHNSON FOR SENATE
5ca0a43dd867f02e28006701,SOUTH FLORIDA PBS INC.
5ca0a43dd867f02e28006702,STRATEGY INTERNATIONAL LLC
5ca0a43dd867f02e28006703,SULLIVAN FOR U.S. SENATE
5ca0a43dd867f02e28006704,TELLON EVENTS CORP.
5ca0a43dd867f02e28006705,TEXANS FOR SENATOR JOHN CORNYN
5ca0a43dd867f02e28006706,TEXAS PHILATELIC ASSOCIATION FOUNDATION INC.
5ca0a43dd867f02e28006707,TGP SECURITIES INC.
5ca0a43dd867f02e28006708,THE LIBRE INITIATIVE
5ca0a43dd867f02e28006709,THE MIAMI HERALD/EL NUEVO HERALD
5ca0a43dd867f02e2800670a,TIMBER RIDGE HOMEOWNERS CORPORATION
5ca0a43dd867f02e2800670b,TOM ROONEY FOR CONGRESS
5ca0a43dd867f02e2800670c,TOWNSEND PUBLIC AFFAIRS
5ca0a43dd867f02e2800670d,TTT CONSULTING LLC
5ca0a43dd867f02e2800670e,ULTIMATE FIGHTING CHAMPIONSHIP
5ca0a43dd867f02e2800670f,UNIVERSITY OF CALIFORNIA - IRVINE
5ca0a43dd867f02e28006710,UNIVISION
5ca0a43dd867f02e28006711,VOGELHOOD RESEARCH
5ca0a43dd867f02e28006712,YELLOWHAMMER MULTIMEDIA
5ca0a43dd867f02e28006713,YELLOWHAMMER STRATEGIES
5ca0a43dd867f02e28006714,AARON SCHOCK
5ca0a43dd867f02e28006715,ALEXANDER NIX
5ca0a43dd867f02e28006716,ALLEN WEISSELBERG
5ca0a43dd867f02e28006717,ANAR MAMMADOV
5ca0a43dd867f02e28006718,ANDREW BREMBERG
5ca0a43dd867f02e28006719,ANDY PUZDER
5ca0a43dd867f02e2800671a,ANTHONY SCARAMUCCI
5ca0a43dd867f02e2800671b,AVRAM LEBOR
5ca0a43dd867f02e2800671c,BEN CARSON
5ca0a43dd867f02e2800671d,BENY STEINMETZ
5ca0a43dd867f02e2800671e,BILL STEPIEN
5ca0a43dd867f02e2800671f,CARTER PAGE
5ca0a43dd867f02e28006720,CHARLES KUSHNER
5ca0a43dd867f02e28006721,CHLOE MURDOCH
5ca0a43dd867f02e28006722,CHRIS CHRISTIE
5ca0a43dd867f02e28006723,DANIEL RIDLOFF
5ca0a43dd867f02e28006724,DAVID H. KOCH
5ca0a43dd867f02e28006725,DAVID S. CORDISH
5ca0a43dd867f02e28006726,DON MCGAHN
5ca0a43dd867f02e28006727,DONALD J. TRUMP
5ca0a43dd867f02e28006728,DONALD TRUMP JR.
5ca0a43dd867f02e28006729,ELAINE CHAO
5ca0a43dd867f02e2800672a,ELTON MAMMADOV
5ca0a43dd867f02e2800672b,ELVIRA KUDRYASHOVA
5ca0a43dd867f02e2800672c,EMIN AGALAROV
5ca0a43dd867f02e2800672d,ERIC HOLCOMB
5ca0a43dd867f02e2800672e,ERIC TRUMP
5ca0a43dd867f02e2800672f,ERIK PRINCE
5ca0a43dd867f02e28006730,FELIX SATER
5ca0a43dd867f02e28006731,GEORGE SOROS
5ca0a43dd867f02e28006732,GEORGE T. CONWAY III
5ca0a43dd867f02e28006733,GRACE MURDOCH
5ca0a43dd867f02e28006734,ILYAS KHRAPUNOV
5ca0a43dd867f02e28006735,IVANKA TRUMP
5ca0a43dd867f02e28006736,JAMES S.C. CHAO
5ca0a43dd867f02e28006737,JARED KUSHNER
5ca0a43dd867f02e28006738,JEFF SESSIONS
5ca0a43dd867f02e28006739,JOSE E.B. ANTONIO
5ca0a43dd867f02e2800673a,JOSEPH MEYER
5ca0a43dd867f02e2800673b,JOSHUA KUSHNER
5ca0a43dd867f02e2800673c,LEV LEVIEV
5ca0a43dd867f02e2800673d,LUCIUS JOSEPH RICCIO
5ca0a43dd867f02e2800673e,MARC SHORT
5ca0a43dd867f02e2800673f,MARK BURNETT
5ca0a43dd867f02e28006740,MARYANNE TRUMP BARRY
5ca0a43dd867f02e28006741,MATTHEW CALAMARI
5ca0a43dd867f02e28006742,MATTHEW GRISWOLD BEVIN
5ca0a43dd867f02e28006743,MEHMET ALI YALCINDAG
5ca0a43dd867f02e28006744,MELANIA TRUMP
5ca0a43dd867f02e28006745,MICHAEL FASCITELLI
5ca0a43dd867f02e28006746,MICHELLE BACHMANN
5ca0a43dd867f02e28006747,MICK MULVANEY
5ca0a43dd867f02e28006748,MIKE PENCE
5ca0a43dd867f02e28006749,MITCH MCCONNELL
5ca0a43dd867f02e2800674a,NICOLAS SARKOZY
5ca0a43dd867f02e2800674b,NICOLE KUSHNER MEYER
5ca0a43dd867f02e2800674c,NIGEL FARAGE
5ca0a43dd867f02e2800674d,OMAROSÉ ONEE MANIGAULT
5ca0a43dd867f02e2800674e,PAUL MANAFORT
5ca0a43dd867f02e2800674f,RAZ STEINMETZ
5ca0a43dd867f02e28006750,REBEKAH MERCER
5ca0a43dd867f02e28006751,REINCE PRIEBUS
5ca0a43dd867f02e28006752,REX TILLERSON
5ca0a43dd867f02e28006753,RHONA GRAFF RICCIO
5ca0a43dd867f02e28006754,RICHARD DEVOS
5ca0a43dd867f02e28006755,RICHARD GOETTLICH
5ca0a43dd867f02e28006756,RICHARD MARVIN "DICK" DEVOS JR.
5ca0a43dd867f02e28006757,RICK PERRY
5ca0a43dd867f02e28006758,RICK SNYDER
5ca0a43dd867f02e28006759,ROBERT LIGHTHIZER
5ca0a43dd867f02e2800675a,ROBERT MERCER
5ca0a43dd867f02e2800675b,ROGER J. STONE JR.
5ca0a43dd867f02e2800675c,RUDY GIULIANI
5ca0a43dd867f02e2800675d,RUPERT MURDOCH
5ca0a43dd867f02e2800675e,SALLY PRIEBUS
5ca0a43dd867f02e2800675f,SAM BROWNBACK
5ca0a43dd867f02e28006760,SCOTT PRUITT
5ca0a43dd867f02e28006761,SERGEI MILLIAN
5ca0a43dd867f02e28006762,SERGEY KISLYAK
5ca0a43dd867f02e28006763,SERYL KUSHNER
5ca0a43dd867f02e28006764,SETYA NOVANTO
5ca0a43dd867f02e28006765,SHANNON MCGAHN
5ca0a43dd867f02e28006766,SONNY PERDUE
5ca0a43dd867f02e28006767,STEPHEN B. MEISTER
5ca0a43dd867f02e28006768,STEPHEN BANNON
5ca0a43dd867f02e28006769,STEPHEN MILLER
5ca0a43dd867f02e2800676a,STEVEN MNUCHIN
5ca0a43dd867f02e2800676b,SUSAN POMPEO
5ca0a43dd867f02e2800676c,TERRY BRANSTAD
5ca0a43dd867f02e2800676d,TIAH JOO KIM
5ca0a43dd867f02e2800676e,VLADIMIR PUTIN
5ca0a43dd867f02e2800676f,W.E.“ED” BOSARGE
5ca0a43dd867f02e28006770,WELLS GRIFFITH
5ca0a43dd867f02e28006771,WENDI DENG MURDOCH
5ca0a43dd867f02e28006772,WILBUR ROSS
5ca0a43dd867f02e28006773,WILLIAM I. KOCH
5ca0a43dd867f02e28006774,WU XIAOHUI
5ca0a43dd867f02e28006775,YOUSEF AL-OTAIBA
5ca0a43dd867f02e28006776,ANNIE DONALDSON
5ca0a43dd867f02e28006777,BRAD PARSCALE
5ca0a43dd867f02e28006778,JACK WEISSELBERG
5ca0a43dd867f02e28006779,ZIYA MAMMADOV
5ca0a43dd867f02e2800677a,MIKE FERGUSON
5ca0a43dd867f02e2800677b,SCOTT WALKER
5ca0a43dd867f02e2800677c,WILLIAM P. FOLEY
5ca0a43dd867f02e2800677d,KIRILL DMITRIEV
5ca0a43dd867f02e2800677e,BARRY BENNETT
5ca0a43dd867f02e2800677f,DANIEL STEINMETZ
5ca0a43dd867f02e28006780,KEVIN MARINO
5ca0a43dd867f02e28006781,ALAN HAMMER
5ca0a43dd867f02e28006782,BENJAMIN NETANYAHU
5ca0a43dd867f02e28006783,DARA ORBACH
5ca0a43dd867f02e28006784,ESTHER KUSHNER
5ca0a43dd867f02e28006785,JIM MCGREEVEY
5ca0a43dd867f02e28006786,MURRAY KUSHNER
5ca0a43dd867f02e28006787,DAVID WILDSTEIN
5ca0a43dd867f02e28006788,CHARLES G. KOCH
5ca0a43dd867f02e28006789,REED S. CORDISH
5ca0a43dd867f02e2800678a,BLAKE DELAPLANE
5ca0a43dd867f02e2800678b,DAVID MORRELL
5ca0a43dd867f02e2800678c,GREG KATSAS
5ca0a43dd867f02e2800678d,JAMES BURNHAM
5ca0a43dd867f02e2800678e,ADO MACHIDA
5ca0a43dd867f02e2800678f,AJIT PAI
5ca0a43dd867f02e28006790,ALEX SHNAIDER
5ca0a43dd867f02e28006791,ALEXANDER ACOSTA
5ca0a43dd867f02e28006792,ALEXANDER ANGELSON
5ca0a43dd867f02e28006793,ALEXANDER GRAY
5ca0a43dd867f02e28006794,ANDELIZ CASTILLO
5ca0a43dd867f02e28006795,ANDREW D. KOENIG
5ca0a43dd867f02e28006796,ARAS AGALAROV
5ca0a43dd867f02e28006797,ASHLEY MARQUIS
5ca0a43dd867f02e28006798,BEN HOWARD
5ca0a43dd867f02e28006799,BETHANY SCULLY
5ca0a43dd867f02e2800679a,BETSY DEVOS
5ca0a43dd867f02e2800679b,BILL MCGINLEY
5ca0a43dd867f02e2800679c,BORIS EPSHTEYN
5ca0a43dd867f02e2800679d,BRIAN BAUDREAU
5ca0a43dd867f02e2800679e,BRIAN BURNS
5ca0a43dd867f02e2800679f,CARL C. ICAHN
5ca0a43dd867f02e280067a0,CARLOS DIAZ-ROSILLO
5ca0a43dd867f02e280067a1,CHRISTINE CICCONE
5ca0a43dd867f02e280067a2,CHRISTOPHER RUDDY
5ca0a43dd867f02e280067a3,CINDY SIMMS
5ca0a43dd867f02e280067a4,CLIFF SIMS
5ca0a43dd867f02e280067a5,COREY LEWANDOWSKI
5ca0a43dd867f02e280067a6,CURTIS DUBAY
5ca0a43dd867f02e280067a7,DAN COATS
5ca0a43dd867f02e280067a8,DAN SCAVINO
5ca0a43dd867f02e280067a9,DAVID M. FRIEDMAN
5ca0a43dd867f02e280067aa,DAVID SHULKIN
5ca0a43dd867f02e280067ab,DINA POWELL
5ca0a43dd867f02e280067ac,EDWIN FEULNER
5ca0a43dd867f02e280067ad,EDWIN MEESE
5ca0a43dd867f02e280067ae,ELENA GORLOVA
5ca0a43dd867f02e280067af,ELON MUSK
5ca0a43dd867f02e280067b0,ERIC UELAND
5ca0a43dd867f02e280067b1,FELIPE YARYURA
5ca0a43dd867f02e280067b2,GARY COHN
5ca0a43dd867f02e280067b3,GEORGE E. NORCROSS III
5ca0a43dd867f02e280067b4,GEORGE GIGICOS
5ca0a43dd867f02e280067b5,GERRIT LANSING
5ca0a43dd867f02e280067b6,GINNI ROMETTY
5ca0a43dd867f02e280067b7,HELEN FERRE
5ca0a43dd867f02e280067b8,HOPE HICKS
5ca0a43dd867f02e280067b9,IKE PERLMUTTER
5ca0a43dd867f02e280067ba,INDRA NOOYI
5ca0a43dd867f02e280067bb,JAMES MATTIS
5ca0a43dd867f02e280067bc,JAMES SCHULTZ
5ca0a43dd867f02e280067bd,JAMES SHERK
5ca0a43dd867f02e280067be,JAMIE DIMON
5ca0a43dd867f02e280067bf,JARROD P. AGEN
5ca0a43dd867f02e280067c0,JASON D. GREENBLATT
5ca0a43dd867f02e280067c1,JASON D. MEISTER
5ca0a43dd867f02e280067c2,JENNIFER KORN
5ca0a43dd867f02e280067c3,JEREMY KATZ
5ca0a43dd867f02e280067c4,JESSICA DITTO
5ca0a43dd867f02e280067c5,JOE HAGIN
5ca0a43dd867f02e280067c6,JOHN DESTEFANO
5ca0a43dd867f02e280067c7,JOHN EISENBERG
5ca0a43dd867f02e280067c8,JOHN F. KELLY
5ca0a43dd867f02e280067c9,JOHN GRAY
5ca0a43dd867f02e280067ca,JOHN MCENTEE
5ca0a43dd867f02e280067cb,JOSEPH HAGIN
5ca0a43dd867f02e280067cc,JOSEPH KELLOGG
5ca0a43dd867f02e280067cd,JOSEPH LAI
5ca0a43dd867f02e280067ce,JOYCE MEYER
5ca0a43dd867f02e280067cf,JULIA HAHN
5ca0a43dd867f02e280067d0,JUSTIN CLARK
5ca0a43dd867f02e280067d1,KALPESH MEHTA
5ca0a43dd867f02e280067d2,KATHLEEN TROIA MCFARLAND
5ca0a43dd867f02e280067d3,KATHRYN TALENTO
5ca0a43dd867f02e280067d4,KEITH SCHILLER
5ca0a43dd867f02e280067d5,KELLYANNE CONWAY
5ca0a43dd867f02e280067d6,LINDA BEAN
5ca0a43dd867f02e280067d7,LINDA MCMAHON
5ca0a43dd867f02e280067d8,LINDSAY WALTERS
5ca0a43dd867f02e280067d9,MADELEINE WESTERHOUT
5ca0a43dd867f02e280067da,MANGAL PRABHAT LODHA
5ca0a43dd867f02e280067db,MARC E. KASOWITZ
5ca0a43dd867f02e280067dc,MARC LOTTER
5ca0a43dd867f02e280067dd,MARY T. BARRA
5ca0a43dd867f02e280067de,MICHAEL D. COHEN
5ca0a43dd867f02e280067df,MICHAEL FLYNN
5ca0a43dd867f02e280067e0,MICHAEL J. ELLIS
5ca0a43dd867f02e280067e1,MICHAEL POMPEO
5ca0a43dd867f02e280067e2,MIKE BASELICE
5ca0a43dd867f02e280067e3,NEWT GINGRICH
5ca0a43dd867f02e280067e4,NIKKI HALEY
5ca0a43dd867f02e280067e5,NOEL FRANCISCO
5ca0a43dd867f02e280067e6,OLEG MISERVA
5ca0a43dd867f02e280067e7,PAUL TELLER
5ca0a43dd867f02e280067e8,PAUL WINFREE
5ca0a43dd867f02e280067e9,PETER NAVARRO
5ca0a43dd867f02e280067ea,PETER THIEL
5ca0a43dd867f02e280067eb,PHIL RUFFIN
5ca0a43dd867f02e280067ec,PRINCE ALWALEED BIN TALALTHE
5ca0a43dd867f02e280067ed,RAJ SHAH
5ca0a43dd867f02e280067ee,RECEP TAYYIP ERDOGAN
5ca0a43dd867f02e280067ef,RICHARD LEFRAK
5ca0a43dd867f02e280067f0,RICK DEARBORN
5ca0a43dd867f02e280067f1,ROBERT A. IGER
5ca0a43dd867f02e280067f2,ROBERT GOAD
5ca0a43dd867f02e280067f3,ROBERT KRAFT
5ca0a43dd867f02e280067f4,ROGER KHAFIF
5ca0a43dd867f02e280067f5,ROSS WORTHINGTON
5ca0a43dd867f02e280067f6,RUSS VOUGHT
5ca0a43dd867f02e280067f7,RYAN JARMULA
5ca0a43dd867f02e280067f8,RYAN ZINKE
5ca0a43dd867f02e280067f9,SAM CLOVIS
5ca0a43dd867f02e280067fa,SAM NUNBERG
5ca0a43dd867f02e280067fb,SARAH MAKIN
5ca0a43dd867f02e280067fc,SCOTT GAST
5ca0a43dd867f02e280067fd,SEAN CAIRNCROSS
5ca0a43dd867f02e280067fe,SEAN HANNITY
5ca0a43dd867f02e280067ff,SEAN SPICER
5ca0a43dd867f02e28006800,SEBASTIAN GORKA
5ca0a43dd867f02e28006801,SERGEY I. KISLYAK
5ca0a43dd867f02e28006802,SHAHIRA KNIGHT
5ca0a43dd867f02e28006803,SHERI A. DILLON
5ca0a43dd867f02e28006804,STEPHANIE GRISHAM
5ca0a43dd867f02e28006805,STEPHEN A. FEINBERG
5ca0a43dd867f02e28006806,STEPHEN A. SCHWARZMAN
5ca0a43dd867f02e28006807,STEPHEN MUNISTERI
5ca0a43dd867f02e28006808,STEVEN N. CHEUNG
5ca0a43dd867f02e28006809,STEVEN ROTH
5ca0a43dd867f02e2800680a,THOMAS J. BARRACK JR.
5ca0a43dd867f02e2800680b,THOMAS PYLE
5ca0a43dd867f02e2800680c,TIMOTHY PATAKI
5ca0a43dd867f02e2800680d,TOM BOSSERT
5ca0a43dd867f02e2800680e,TOM PRICE
5ca0a43dd867f02e2800680f,TRAVIS KALANICK
5ca0a43dd867f02e28006810,UTTAM DHILLON
5ca0a43dd867f02e28006811,VICTOR PINCHUK
5ca0a43dd867f02e28006812,VINCE HALEY
5ca0a43dd867f02e28006813,WALTER J. "JAY" CLAYTON III
5ca0a43dd867f02e28006814,ANDRIY ZAIKA
5ca0a43dd867f02e28006815,BERNARD R. DIAMOND
5ca0a43dd867f02e28006816,BONNIE HAYDON
5ca0a43dd867f02e28006817,RUSSELL FLICKER
5ca0a43dd867f02e28006818,VANESSA TRUMP
5ca0a43dd867f02e28006819,VIKTOR TKACHUK
5ca0a43dd867f02e2800681a,ANGELA CHAO
5ca0a43dd867f02e2800681b,CHRISTINE CHAO
5ca0a43dd867f02e2800681c,VIKTOR KHRAPUNOV
5ca0a43dd867f02e2800681d,PAULO FIGUEIREDO FILHO
5ca0a43dd867f02e2800681e,ASHER ABEHSERA
5ca0a43dd867f02e2800681f,AVRAHM BERKOWITZ
5ca0a43dd867f02e28006820,CUI TIANKAI
5ca0a43dd867f02e28006821,JUSTIN WENIGER
5ca0a43dd867f02e28006822,MARGARET CHIN
5ca0a43dd867f02e28006823,MARTIN SORRELL
5ca0a43dd867f02e28006824,MILES BERGER
5ca0a43dd867f02e28006825,ROB SPEYER
5ca0a43dd867f02e28006826,RYAN DOHERTY
5ca0a43dd867f02e28006827,STRAUSS ZELNICK
5ca0a43dd867f02e28006828,GARRETT MURCH
5ca0a43dd867f02e28006829,JOHN GORE
5ca0a43dd867f02e2800682a,JOHN KYL
5ca0a43dd867f02e2800682b,MICHAEL MURRAY
5ca0a43dd867f02e2800682c,THOMAS E. WHEELER
5ca0a43dd867f02e2800682d,JOSE ROBERTO "ROBBIE" ANTONIO
5ca0a43dd867f02e2800682e,ROMA DOWNEY
5ca0a43dd867f02e2800682f,MATTHEW CALAMARI JR.
5ca0a43dd867f02e28006830,AYDIN DOGAN
5ca0a43dd867f02e28006831,LINDSEY REYNOLDS
5ca0a43dd867f02e28006832,STEPHANIE WINSTON WOLKOFF
5ca0a43dd867f02e28006833,PAM MULVANEY
5ca0a43dd867f02e28006834,JEN PAVLIK
5ca0a43dd867f02e28006835,JOSH PITCOCK
5ca0a43dd867f02e28006836,MARTY OBST
5ca0a43dd867f02e28006837,NICK AYERS
5ca0a43dd867f02e28006838,ALBERT ROSS SR.
5ca0a43dd867f02e28006839,H. B. HICKS
5ca0a43dd867f02e2800683a,ABDUL RAHMAN AL-ASSIR
5ca0a43dd867f02e2800683b,ARTHUR G. COHEN
5ca0a43dd867f02e2800683c,DMITRY FIRTASH
5ca0a43dd867f02e2800683d,DMYTRO FIRTASH
5ca0a43dd867f02e2800683e,RINAT AKHMETOV
5ca0a43dd867f02e2800683f,SERHIY LYOVOCHKIN
5ca0a43dd867f02e28006840,VIKTOR F. YANUKOVYCH
5ca0a43dd867f02e28006841,SYLVAIN MIROCHNIKOFF
5ca0a43dd867f02e28006842,KATIE WALSH
5ca0a43dd867f02e28006843,MALLORY HUNTER
5ca0a43dd867f02e28006844,ALEXANDER NOVAK
5ca0a43dd867f02e28006845,IGOR SECHIN
5ca0a43dd867f02e28006846,ANITA THIGPEN PERRY
5ca0a43dd867f02e28006847,PETER HOLT
5ca0a43dd867f02e28006848,BOB DOLE
5ca0a43dd867f02e28006849,PATRICK CADDELL
5ca0a43dd867f02e2800684a,JULIAN ASSANGE
5ca0a43dd867f02e2800684b,KEN KURSON
5ca0a43dd867f02e2800684c,HAROLD G. HAMM
5ca0a43dd867f02e2800684d,YURY ZAYTSEV
5ca0a43dd867f02e2800684e,HARY TANOESOEDIBJO
5ca0a43dd867f02e2800684f,STEPHEN VADEN
5ca0a43dd867f02e28006850,JENNIFER MERCER
5ca0a43dd867f02e28006851,CAROLINE MAY
5ca0a43dd867f02e28006852,DAVID HOROWITZ
5ca0a43dd867f02e28006853,TUCKER CARLSON
5ca0a43dd867f02e28006854,EDWARD LAMPERT
5ca0a43dd867f02e28006855,XI JINPING
5ca0a43dd867f02e28006856,TONY TIAH THEE KIAN
5ca0a43dd867f02e28006857,CATHERINE BRAY GRIFFITH
5ca0a43dd867f02e28006858,JAMES UTHMEIER
5ca0a43dd867f02e28006859,ZHUO RAN
5ca0a43dd867f02e2800685a,SHLOMO MEICHOR
5ca0a43dd867f02e2800685b,BOB PADUCHIK
5ca0a43dd867f02e2800685c,JOHN FLEMING
5ca0a43dd867f02e2800685d,ASSI AREV
5ca0a43dd867f02e2800685e,GARY PALMER
5ca0a43dd867f02e2800685f,JEB BUSH
5ca0a43dd867f02e28006860,STEVE KING
5ca0a43dd867f02e28006861,NOELLE NIKPOUR
5ca0a43dd867f02e28006862,ANTHONY W. PARKER
5ca0a43dd867f02e28006863,RAND PAUL
5ca0a43dd867f02e28006864,JAY WILSON HAAS JR.
5ca0a43dd867f02e28006865,RYAN ADDISON WILLIAMS
5ca0a43dd867f02e28006866,RONNA MCDANIEL
5ca0a43dd867f02e28006867,ROD BLUM
5ca0a43dd867f02e28006868,RONALD HAROLD JOHNSON
5ca0a43dd867f02e28006869,ABIGAIL KLEM
5ca0a43dd867f02e2800686a,DAN SULLIVAN
5ca0a43dd867f02e2800686b,JOHN CORYN
