5c9e6affd867f016f80028fe,4 SHADOW TREE LANE MEMBER CORP.
5c9e6affd867f016f80028ff,40 WALL DEVELOPMENT ASSOCIATES LLC
5c9e6affd867f016f8002900,40 WALL STREET LLC
5c9e6affd867f016f8002901,40 WALL STREET MEMBER CORP.
5c9e6affd867f016f8002902,401 MEZZ VENTURE LLC
5c9e6affd867f016f8002903,401 NORTH WABASH VENTURE LLC
5c9e6affd867f016f8002904,809 NORTH CANON MEMBER CORPORATION
5c9e6affd867f016f8002905,ABERDEEN ASSET MANAGEMENT
5c9e6affd867f016f8002906,ACADEMI
5c9e6affd867f016f8002907,ACE ENTERTAINMENT HOLDINGS INC
5c9e6affd867f016f8002908,ADVISORS ASSET MANAGEMENT INC.
5c9e6affd867f016f8002909,"AETOS SA
5c9e6affd867f016f800290a,ALLIANCEBERNSTEIN LP
5c9e6affd867f016f800290b,ALTEGRIS
5c9e6affd867f016f800290c,ALTICOR
5c9e6affd867f016f800290d,AMBOY BANK
5c9e6affd867f016f800290e,AMERICAN INTERNATIONAL GROUP INC.
5c9e6affd867f016f800290f,AMG FUNDS
5c9e6affd867f016f8002910,"ANBANG INSURANCE GROUP
5c9e6affd867f016f8002911,ANGEL OAK CAPITAL ADVISORS
5c9e6affd867f016f8002912,ASSETMARK
5c9e6affd867f016f8002913,AUGUST ERNST
5c9e6affd867f016f8002914,AXA
5c9e6affd867f016f8002915,"AZARPASSILLO
5c9e6affd867f016f8002916,BAGHLAN GROUP
5c9e6affd867f016f8002917,BAIN & COMPANY
5c9e6affd867f016f8002918,BANK HAPOALIM
5c9e6affd867f016f8002919,BANK OF AMERICA
5c9e6affd867f016f800291a,BANK OF CHINA
5c9e6affd867f016f800291b,BANNON & CO.
5c9e6affd867f016f800291c,BAYROCK GROUP
5c9e6affd867f016f800291d,"BAYROCK GROUP
5c9e6affd867f016f800291e,BAYROCK/SAPIR ORGANIZATION LLC
5c9e6affd867f016f800291f,BEDFORD HILLS CORP.
5c9e6affd867f016f8002920,BLACKROCK
5c9e6affd867f016f8002921,BNY MELLON
5c9e6affd867f016f8002922,BRACEWELL
5c9e6affd867f016f8002923,BRIARCLIFF PROPERTIES INC.
5c9e6affd867f016f8002924,BURSON-MARSTELLER
5c9e6affd867f016f8002925,C DEVELOPMENT VENTURES MEMBER CORP.
5c9e6affd867f016f8002926,CAMBRIDGE ANALYTICA
5c9e6affd867f016f8002927,CARDINAL INVESTMENT COMPANY
5c9e6affd867f016f8002928,CARIBUSINESS MRE LLC
5c9e6affd867f016f8002929,CARLYLE GROUP
5c9e6affd867f016f800292a,CHEVY CHASE TRUST HOLDINGS INC.
5c9e6affd867f016f800292b,"CHICAGO UNIT ACQUISITION LLC
5c9e6affd867f016f800292c,CIM GROUP
5c9e6affd867f016f800292d,CIT GROUP INC.
5c9e6affd867f016f800292e,"CITIZENS UNITED FOUNDATION
5c9e6affd867f016f800292f,CIVIL DEFENSE SOLUTIONS
5c9e6affd867f016f8002930,COLONY CAPITAL INC.
5c9e6affd867f016f8002931,COLONY NORTHSTAR INC.
5c9e6affd867f016f8002932,CPW PT PARTNERS G.P.
5c9e6affd867f016f8002933,CUE
5c9e6affd867f016f8002934,D B PACE ACQUISITION MEMBER CORP.
5c9e6affd867f016f8002935,D B PACE ACQUISITION LLC
5c9e6affd867f016f8002936,DAEWOO AMERICA DEVELOPMENT (NEW YORK) CORP
5c9e6affd867f016f8002937,DAEWOO AMERICA DEVELOPMENT (NEW YORK) CORP.
5c9e6affd867f016f8002938,DAVIS MANAFORT INC.
5c9e6affd867f016f8002939,DELAWARE MANAGEMENT HOLDINGS INC.
5c9e6affd867f016f800293a,DEUTSCHE BANK
5c9e6affd867f016f800293b,DEVELOPMENT BANK OF JAPAN
5c9e6affd867f016f800293c,DEVELOPMENT MEMBER INC.
5c9e6affd867f016f800293d,DIACOR INTERNATIONAL LTD.
5c9e6affd867f016f800293e,DJT ENTREPRENEUR MANAGING MEMBER LLC
5c9e6affd867f016f800293f,DJT ENTREPRENEUR MEMBER LLC
5c9e6affd867f016f8002940,DJT HOLDINGS LLC
5c9e6affd867f016f8002941,DJT HOLDINGS MANAGING MEMBER LLC
5c9e6affd867f016f8002942,DJT OPERATIONS II LLC
5c9e6affd867f016f8002943,DOUBLELINE FUNDS
5c9e6affd867f016f8002944,DRINKS AMERICAS
5c9e6affd867f016f8002945,DSN LICENSING LLC
5c9e6affd867f016f8002946,DSN LICENSING MEMBER CORP.
5c9e6affd867f016f8002947,DT APP WARRANT HOLDING MANAGING MEMBER CORP.
5c9e6affd867f016f8002948,DT BALI GOLF MANAGER MEMBER CORP.
5c9e6affd867f016f8002949,DT BALI HOTEL MANAGER MEMBER CORP.
5c9e6affd867f016f800294a,DT BALI TECHNICAL SERVICES MANAGER MEMBER CORP.
5c9e6affd867f016f800294b,DT CLIENT SERVICES LLC
5c9e6affd867f016f800294c,DT CONNECT II MEMBER CORP.
5c9e6affd867f016f800294d,DT CONNECT MANAGING MEMBER CORP.
5c9e6affd867f016f800294e,DT DUBAI GOLF MANAGER MEMBER CORP.
5c9e6affd867f016f800294f,DT DUBAI II GOLF MANAGER MEMBER CORP.
5c9e6affd867f016f8002950,DT HOME MARKS INTERNATIONAL MEMBER CORP.
5c9e6affd867f016f8002951,DT INDIA VENTURE LLC
5c9e6affd867f016f8002952,DT JEDDAH TECHNICAL SERVICES ADVISOR MEMBER CORP.
5c9e6affd867f016f8002953,DT JEDDAH TECHNICAL SERVICES MANAGER MEMBER CORP.
5c9e6affd867f016f8002954,DT LIDO GOLF MANAGER MEMBER CORP.
5c9e6affd867f016f8002955,DT LIDO HOTEL MANAGER MEMBER CORP.
5c9e6affd867f016f8002956,DT LIDO TECHNICAL SERVICES MANAGER MEMBER CORP.
5c9e6affd867f016f8002957,DT MARKS BAKU MANAGING MEMBER CORP.
5c9e6affd867f016f8002958,DT MARKS BALI MEMBER CORP.
5c9e6affd867f016f8002959,DT MARKS DUBAI II MEMBER CORP.
5c9e6affd867f016f800295a,DT MARKS DUBAI MEMBER CORP.
5c9e6affd867f016f800295b,DT MARKS GURGAON MANAGING MEMBER CORP.
5c9e6affd867f016f800295c,DT MARKS LIDO MEMBER CORP.
5c9e6affd867f016f800295d,DT MARKS PRODUCTS INTERNATIONAL MEMBER CORP.
5c9e6affd867f016f800295e,DT MARKS PUNE II MANAGING MEMBER CORP.
5c9e6affd867f016f800295f,DT MARKS PUNE MANAGING MEMBER CORP.
5c9e6affd867f016f8002960,DT MARKS QATAR MEMBER CORP.
5c9e6affd867f016f8002961,"DT MARKS RIO LLC
5c9e6affd867f016f8002962,DT MARKS RIO MEMBER CORP.
5c9e6affd867f016f8002963,DT MARKS VANCOUVER MANAGER CORP.
5c9e6affd867f016f8002964,DT MARKS WORLI MEMBER CORP.
5c9e6affd867f016f8002965,DT TOWER GURGAON MANAGING MEMBER CORP.
5c9e6affd867f016f8002966,DT TOWER I MEMBER CORP.
5c9e6affd867f016f8002967,DT TOWER KOLKATA MANAGING MEMBER CORP.
5c9e6affd867f016f8002968,DTTM OPERATIONS LLC
5c9e6affd867f016f8002969,DTTM OPERATIONS MANAGING MEMBER CORP.
5c9e6affd867f016f800296a,DUKE UNIVERSITY
5c9e6affd867f016f800296b,EATON VANCE
5c9e6affd867f016f800296c,EDWARD D. JONES & CO.
5c9e6affd867f016f800296d,EID VENTURE II MEMBER CORP.
5c9e6affd867f016f800296e,ETSY
5c9e6affd867f016f800296f,EURASIAN RESOURCES GROUP
5c9e6affd867f016f8002970,EXCEL VENTURE I CORP.
5c9e6affd867f016f8002971,EXXON MOBIL CORPORATION
5c9e6affd867f016f8002972,FIDELITY INVESTMENTS
5c9e6affd867f016f8002973,FIFTY-SEVEN MANAGEMENT CORP.
5c9e6affd867f016f8002974,FIRST MEMBER INC.
5c9e6affd867f016f8002975,FLIGHTS INC.
5c9e6affd867f016f8002976,FLYNN INTEL GROUP INC.
5c9e6affd867f016f8002977,FORTE CAPITAL ADVISORS
5c9e6affd867f016f8002978,GALBREATH COLUMBUS CIRCLE DEVELOPMENT ASSOCIATES LP
5c9e6affd867f016f8002979,GE ASSET MANAGEMENT
5c9e6affd867f016f800297a,GENIUS PRODUCTS INC.
5c9e6affd867f016f800297b,GEPT DELMONICO LLC
5c9e6affd867f016f800297c,GOLDMAN SACHS
5c9e6affd867f016f800297d,GOLF PRODUCTIONS MEMBER CORP.
5c9e6affd867f016f800297e,GOLF RECREATION SCOTLAND LIMITED
5c9e6affd867f016f800297f,GOVERNMENT ACCOUNTABILITY INSTITUTE
5c9e6affd867f016f8002980,GREENBERG TRAURIG LLP
5c9e6affd867f016f8002981,GUGGENHEIM PARTNERS
5c9e6affd867f016f8002982,H. PIXEL INTERNATIONAL
5c9e6affd867f016f8002983,HALL CAPITAL PARTNERS
5c9e6affd867f016f8002984,HUDSON WATERFRONT ASSOCIATES I L.P.
5c9e6affd867f016f8002985,HUDSON WATERFRONT ASSOCIATES III L.P.
5c9e6affd867f016f8002986,HUDSON WATERFRONT ASSOCIATES IV L.P.
5c9e6affd867f016f8002987,HUDSON WATERFRONT ASSOCIATES V L.P.
5c9e6affd867f016f8002988,HUDSON WATERFRONT CORPORATION
5c9e6affd867f016f8002989,HUDSON WATERFRONT I CORPORATION
5c9e6affd867f016f800298a,HUDSON WATERFRONT II CORPORATION
5c9e6affd867f016f800298b,HUDSON WATERFRONT III CORPORATION
5c9e6affd867f016f800298c,HUDSON WATERFRONT IV CORPORATION
5c9e6affd867f016f800298d,HUDSON WATERFRONT V CORPORATION
5c9e6affd867f016f800298e,HUDSON WESTSIDE ASSOCIATES I L.P.
5c9e6affd867f016f800298f,HUDSON WESTSIDE ASSOCIATES II L.P.
5c9e6affd867f016f8002990,HUDSON WESTSIDE ASSOCIATES III L.P.
5c9e6affd867f016f8002991,HUDSON WESTSIDE ASSOCIATES IV. L.P.
5c9e6affd867f016f8002992,HUDSON WESTSIDE ASSOCIATES V L.P.
5c9e6affd867f016f8002993,HUDSON WESTSIDE ASSOCIATES L.P.
5c9e6affd867f016f8002994,HWA 1290 III LLC
5c9e6affd867f016f8002995,HWA 1290 IV LLC
5c9e6affd867f016f8002996,HWA 1290 V LLC
5c9e6affd867f016f8002997,HYDE PARK LLC
5c9e6affd867f016f8002998,ILD B.V.
5c9e6affd867f016f8002999,INDIAN HILLS HOLDINGS LLC
5c9e6affd867f016f800299a,INDITEX
5c9e6affd867f016f800299b,INVESCO LTD.
5c9e6affd867f016f800299c,INVESTORS SAVINGS BANK
5c9e6affd867f016f800299d,"ISLAMIC REVOLUTION MOSTAZAFAN FOUNDATION
5c9e6affd867f016f800299e,IT OPERATIONS MANAGING MEMBER CORP
5c9e6affd867f016f800299f,IVANKA M. TRUMP BUSINESS TRUST
5c9e6affd867f016f80029a0,IVANKA TRUMP REVOCABLE TRUST DATED AUGUST 13 2010
5c9e6affd867f016f80029a1,JACKSON NATIONAL LIFE
5c9e6affd867f016f80029a2,JANUS CAPITAL GROUP
5c9e6affd867f016f80029a3,JOHN HANCOCK FINANCIAL
5c9e6affd867f016f80029a4,JPMORGAN CHASE
5c9e6affd867f016f80029a5,"JUDICIAL WATCH
5c9e6affd867f016f80029a6,JUPITER GOLF CLUB LLC
5c9e6affd867f016f80029a7,JUPITER GOLF CLUB MANAGING MEMBER CORP.
5c9e6affd867f016f80029a8,KANSAS POLICY INSTITUTE
5c9e6affd867f016f80029a9,KEYSTONE GROUP L.P.
5c9e6affd867f016f80029aa,KGK GROUP
5c9e6affd867f016f80029ab,KGK JEWELRY LLC
5c9e6affd867f016f80029ac,"KHATAM AL-ANBIA
5c9e6affd867f016f80029ad,KOCH INDUSTRIES INC.
5c9e6affd867f016f80029ae,KOCH VENTURE CAPITAL
5c9e6affd867f016f80029af,KUSHNER COMPANIES
5c9e6affd867f016f80029b0,"KUSHNER COMPANIES
5c9e6affd867f016f80029b1,KUSHNER PROPERTIES
5c9e6affd867f016f80029b2,LADDER CAPITAL FINANCE LLC
5c9e6affd867f016f80029b3,LADDER CAPITAL I FINANCE LLC
5c9e6affd867f016f80029b4,LEAVE.EU
5c9e6affd867f016f80029b5,LFB ACQUISITION LLC
5c9e6affd867f016f80029b6,LFB ACQUISITION MEMBER CORP.
5c9e6affd867f016f80029b7,LIGHTWORKERS MEDIA
5c9e6affd867f016f80029b8,LOCORR FUNDS
5c9e6affd867f016f80029b9,LSH BARRA
5c9e6affd867f016f80029ba,MACE
5c9e6affd867f016f80029bb,MACQUARIE GROUP
5c9e6affd867f016f80029bc,MADISON AVENUE DIAMONDS
5c9e6affd867f016f80029bd,MAKE AMERICA NUMBER 1 PAC
5c9e6affd867f016f80029be,MANHATTAN PARTNERS
5c9e6affd867f016f80029bf,MAR-A-LAGO CLUB INC
5c9e6affd867f016f80029c0,MARK BURNETT PRODUCTIONS
5c9e6affd867f016f80029c1,MERCER FAMILY FOUNDATION
5c9e6affd867f016f80029c2,MERRILL LYNCH CREDIT CORPORATION
5c9e6affd867f016f80029c3,METLIFE INC.
5c9e6affd867f016f80029c4,MGM TELEVISION
5c9e6affd867f016f80029c5,MIDLAND RESOURCES HOLDING INC.
5c9e6affd867f016f80029c6,MISS UNIVERSE L.P. LLLP
5c9e6affd867f016f80029c7,MLQ BK REO LLC
5c9e6affd867f016f80029c8,MLQ LLC
5c9e6affd867f016f80029c9,MNC GROUP
5c9e6affd867f016f80029ca,MOBILE PAYROLL CONSTRUCTION MANAGER CORP.
5c9e6affd867f016f80029cb,"NATIONALIST CONGRESS PARTY (INDIA)
5c9e6affd867f016f80029cc,NATIONWIDE MUTUAL INSURANCE COMPANY
5c9e6affd867f016f80029cd,NATIXIS
5c9e6affd867f016f80029ce,NEW WORLD PROPERTY MANAGEMENT LIMITED
5c9e6affd867f016f80029cf,NORTHERN TRUST
5c9e6affd867f016f80029d0,NORTHSTAR ASSET MANAGEMENT GROUP INC.
5c9e6affd867f016f80029d1,NORTHSTAR REALTY FINANCE
5c9e6affd867f016f80029d2,NUVEEN INVESTMENTS
5c9e6affd867f016f80029d3,OAKTREE CAPITAL MANAGEMENT
5c9e6affd867f016f80029d4,OBSERVER MEDIA
5c9e6affd867f016f80029d5,OCEAN DEVELOPMENT MEMBER INC.
5c9e6affd867f016f80029d6,ONE CENTRAL PARK WEST ASSOCIATES
5c9e6affd867f016f80029d7,ONE THREE MEDIA
5c9e6affd867f016f80029d8,OPO HOTEL MANAGER LLC
5c9e6affd867f016f80029d9,OPO HOTEL MANAGER MEMBER CORP.
5c9e6affd867f016f80029da,PANAMA OCEAN CLUB MANAGEMENT MEMBER CORP.
5c9e6affd867f016f80029db,PARAMOUNT RPV HOLDINGS MANAGER CORP.
5c9e6affd867f016f80029dc,PARC CONSULTING INC.
5c9e6affd867f016f80029dd,PAYDEN & RYGEL
5c9e6affd867f016f80029de,PERICLES EMERGING MARKET PARTNERS L.P.
5c9e6affd867f016f80029df,PIMCO
5c9e6affd867f016f80029e0,PINE HILL DEVELOPMENT MANAGING MEMBER CORP.
5c9e6affd867f016f80029e1,PING AN INSURANCE
5c9e6affd867f016f80029e2,PIONEER INVESTMENTS
5c9e6affd867f016f80029e3,PLAZA CONSULTING CORP.
5c9e6affd867f016f80029e4,POKER VENTURE MANAGING MEMBER CORP.
5c9e6affd867f016f80029e5,PRINCETON UNIVERSITY
5c9e6affd867f016f80029e6,PRUDENTIAL FINANCIAL
5c9e6affd867f016f80029e7,PUTNAM INVESTMENTS
5c9e6affd867f016f80029e8,R.J. REYNOLDS TOBACCO COMPANY
5c9e6affd867f016f80029e9,RAMAN
5c9e6affd867f016f80029ea,"REALCADRE LLC
5c9e6affd867f016f80029eb,"RELATED GROUP OF FLORIDA
5c9e6affd867f016f80029ec,"RELATIVITY MEDIA
5c9e6affd867f016f80029ed,RESTAURANT 40 MEMBER CORP.
5c9e6affd867f016f80029ee,RIVERNORTH CAPITAL MANAGMENT
5c9e6affd867f016f80029ef,ROSNEFT
5c9e6affd867f016f80029f0,RPV DEVELOPMENT LLC
5c9e6affd867f016f80029f1,RUSSELL INVESTMENTS
5c9e6affd867f016f80029f2,SCL GROUP
5c9e6affd867f016f80029f3,SCOUT INVESTMENTS
5c9e6affd867f016f80029f4,SEI INVESTMENTS COMPANY
5c9e6affd867f016f80029f5,SENTIENT JETS LLC
5c9e6affd867f016f80029f6,SENTIENT JETS MEMBER CORP.
5c9e6affd867f016f80029f7,SENTRY INTERNATIONAL
5c9e6affd867f016f80029f8,SG COWEN SECURITIES CORP.
5c9e6affd867f016f80029f9,SLC TURNBERRY LIMITED
5c9e6affd867f016f80029fa,SMC OCEAN LLC
5c9e6affd867f016f80029fb,SOHO 3203
5c9e6affd867f016f80029fc,SOHO 3310
5c9e6affd867f016f80029fd,SOHO 3311
5c9e6affd867f016f80029fe,STATE POLICY NETWORK
5c9e6affd867f016f80029ff,STATE STREET CORPORATION
5c9e6affd867f016f8002a00,SUNAMERICA
5c9e6affd867f016f8002a01,T INTERNATIONAL REALTY LLC
5c9e6affd867f016f8002a02,T. ROWE PRICE
5c9e6affd867f016f8002a03,THC BAKU HOTEL MANAGER SERVICES MEMBER CORP.
5c9e6affd867f016f8002a04,THC BAKU SERVICES MEMBER CORP.
5c9e6affd867f016f8002a05,THC CENTRAL RESERVATIONS MEMBER CORP.
5c9e6affd867f016f8002a06,THC CHINA DEVELOPMENT LLC
5c9e6affd867f016f8002a07,THC CHINA DEVELOPMENT MANAGEMENT CORP.
5c9e6affd867f016f8002a08,THC CHINA TECHNICAL SERVICES MANAGER CORP.
5c9e6affd867f016f8002a09,THC DEVELOPMENT BRAZIL MANAGING MEMBER CORP.
5c9e6affd867f016f8002a0a,THC DUBAI II HOTEL MANAGER MEMBER CORP.
5c9e6affd867f016f8002a0b,THC JEDDAH HOTEL ADVISOR MEMBER CORP.
5c9e6affd867f016f8002a0c,THC JEDDAH HOTEL MANAGER MEMBER CORP.
5c9e6affd867f016f8002a0d,THC MIAMI RESTAURANT HOSPITALITY MEMBER CORP.
5c9e6affd867f016f8002a0e,THC QATAR HOTEL MANAGER MEMBER CORP.
5c9e6affd867f016f8002a0f,THC RIO MANAGING MEMBER CORP.
5c9e6affd867f016f8002a10,THC SALES & MARKETING MEMBER CORP.
5c9e6affd867f016f8002a11,THC SERVICES SHENZHEN MEMBER CORP.
5c9e6affd867f016f8002a12,THC SHENZHEN HOTEL MANAGER MEMBER CORP.
5c9e6affd867f016f8002a13,THC VANCOUVER MANAGEMENT CORP.
5c9e6affd867f016f8002a14,THC VENTURE I MANAGING MEMBER CORP.
5c9e6affd867f016f8002a15,THC VENTURE II MANAGING MEMBER CORP.
5c9e6affd867f016f8002a16,THC VENTURE III LLC
5c9e6affd867f016f8002a17,THCR ENTERPRISES INC.
5c9e6affd867f016f8002a18,THCR ENTERPRISES LLC
5c9e6affd867f016f8002a19,THCR FUNDING
5c9e6affd867f016f8002a1a,THCR HOLDING CORP.
5c9e6affd867f016f8002a1b,THCR MANAGEMENT HOLDINGS LLC
5c9e6affd867f016f8002a1c,THCR MANAGEMENT SERVICES LLC
5c9e6affd867f016f8002a1d,THCR VENTURES INC.
5c9e6affd867f016f8002a1e,THCR/LP CORPORATION
5c9e6affd867f016f8002a1f,THE BLACKSTONE GROUP
5c9e6affd867f016f8002a20,THE BRIDGE BUILDER FUNDS
5c9e6affd867f016f8002a21,THE CARIBUSINESS RE CORP.
5c9e6affd867f016f8002a22,THE CORDISH COMPANIES
5c9e6affd867f016f8002a23,THE DONALD J. TRUMP AND GRANTOR TRUST
5c9e6affd867f016f8002a24,THE DONALD J. TRUMP REVOCABLE TRUST
5c9e6affd867f016f8002a25,THE GRANTHAM FOUNDATION
5c9e6affd867f016f8002a26,THE HARTFORD
5c9e6affd867f016f8002a27,THE HERITAGE FOUNDATION
5c9e6affd867f016f8002a28,THE METROPOLITAN OPERA
5c9e6affd867f016f8002a29,THE TRUMP ENTREPRENEUR INITIATIVE LLC
5c9e6affd867f016f8002a2a,THE TRUMP ENTREPRENEUR INITIATIVE LLC (NY DOMESTIC)
5c9e6affd867f016f8002a2b,THE TRUMP FOLLIES MEMBER INC.
5c9e6affd867f016f8002a2c,THE TRUMP MARKS REAL ESTATE CORP.
5c9e6affd867f016f8002a2d,THE TRUMP ORGANIZATION INC.
5c9e6affd867f016f8002a2e,"THE TRUMP ORGANIZATION INC.
5c9e6affd867f016f8002a2f,THE TRUMP-EQUITABLE FIFTH AVENUE COMPANY
5c9e6affd867f016f8002a30,THE VANGUARD GROUP INC.
5c9e6affd867f016f8002a31,THRIVE CAPITAL
5c9e6affd867f016f8002a32,TIAA-CREF
5c9e6affd867f016f8002a33,TIGL IRELAND ENTERPRISES LIMITED
5c9e6affd867f016f8002a34,TIHH MEMBER CORP.
5c9e6affd867f016f8002a35,TIHH MEMBER LLC
5c9e6affd867f016f8002a36,TIHM MEMBER CORP.
5c9e6affd867f016f8002a37,TIHT CHICAGO MEMBER ACQUISITION LLC
5c9e6affd867f016f8002a38,TIHT MEMBER LLC
5c9e6affd867f016f8002a39,TIPPERARY REALTY CORP.
5c9e6affd867f016f8002a3a,"TITAN ATLAS MANUFACTURING
5c9e6affd867f016f8002a3b,TMG MEMBER LLC
5c9e6affd867f016f8002a3c,TNGC CHARLOTTE LLC
5c9e6affd867f016f8002a3d,TNGC CHARLOTTE MANAGER CORP.
5c9e6affd867f016f8002a3e,TNGC DUTCHESS COUNTY LLC
5c9e6affd867f016f8002a3f,TNGC DUTCHESS COUNTY MEMBER CORP.
5c9e6affd867f016f8002a40,TNGC JUPITER MANAGING MEMBER CORP.
5c9e6affd867f016f8002a41,TNGC PINE HILL LLC
5c9e6affd867f016f8002a42,TNGC PINE HILL MEMBER CORP.
5c9e6affd867f016f8002a43,TP CFD MANAGER CORP.
5c9e6affd867f016f8002a44,TRADE ASSET MANAGEMENT COMPANY
5c9e6affd867f016f8002a45,TRANSAMERICA CORPORATION
5c9e6affd867f016f8002a46,TRAVEL ENTERPRISES MANAGEMENT INC
5c9e6affd867f016f8002a47,TRIBUTARY FUNDS
5c9e6affd867f016f8002a48,TRUMP 845 LP LLC
5c9e6affd867f016f8002a49,TRUMP 845 UN GP LLC
5c9e6affd867f016f8002a4a,TRUMP 845 UN MGR CORP.
5c9e6affd867f016f8002a4b,TRUMP 845 UN MGR LLC
5c9e6affd867f016f8002a4c,TRUMP AC CASINO MARKS MEMBER CORP.
5c9e6affd867f016f8002a4d,TRUMP ACQUISITION CORP.
5c9e6affd867f016f8002a4e,TRUMP ATLANTIC CITY ASSOCIATES
5c9e6affd867f016f8002a4f,TRUMP ATLANTIC CITY CORPORATION
5c9e6affd867f016f8002a50,TRUMP ATLANTIC CITY FUNDING II INC.
5c9e6affd867f016f8002a51,TRUMP ATLANTIC CITY FUNDING III INC.
5c9e6affd867f016f8002a52,TRUMP ATLANTIC CITY FUNDING INC.
5c9e6affd867f016f8002a53,TRUMP ATLANTIC CITY HOLDING INC.
5c9e6affd867f016f8002a54,TRUMP BOOKS MANAGER CORP.
5c9e6affd867f016f8002a55,TRUMP BRIARCLIFF MANOR DEVELOPMENT LLC
5c9e6affd867f016f8002a56,TRUMP CANOUAN ESTATE MEMBER CORP.
5c9e6affd867f016f8002a57,TRUMP CAROUSEL MEMBER CORP.
5c9e6affd867f016f8002a58,TRUMP CASINO FUNDING INC.
5c9e6affd867f016f8002a59,TRUMP CASINO HOLDINGS LLC
5c9e6affd867f016f8002a5a,TRUMP CENTRAL PARK WEST CORP.
5c9e6affd867f016f8002a5b,TRUMP CHICAGO COMMERCIAL MEMBER CORP.
5c9e6affd867f016f8002a5c,TRUMP CHICAGO HOTEL MEMBER CORP.
5c9e6affd867f016f8002a5d,TRUMP CHICAGO MANAGING MEMBER LLC
5c9e6affd867f016f8002a5e,TRUMP CHICAGO MEMBER LLC
5c9e6affd867f016f8002a5f,TRUMP CHICAGO RESIDENTIAL MEMBER CORP.
5c9e6affd867f016f8002a60,TRUMP CHICAGO RETAIL MEMBER CORP.
5c9e6affd867f016f8002a61,TRUMP CLASSIC CARS MEMBER CORP.
5c9e6affd867f016f8002a62,TRUMP CPS CORP.
5c9e6affd867f016f8002a63,TRUMP DELMONICO LLC
5c9e6affd867f016f8002a64,TRUMP DEVELOPMENT SERVICES MEMBER CORP.
5c9e6affd867f016f8002a65,TRUMP DRINKS ISRAEL HOLDINGS MEMBER CORP.
5c9e6affd867f016f8002a66,TRUMP DRINKS ISRAEL MEMBER CORP.
5c9e6affd867f016f8002a67,TRUMP ENDEAVOR 12 LLC
5c9e6affd867f016f8002a68,TRUMP ENDEAVOR 12 MANAGER CORP.
5c9e6affd867f016f8002a69,TRUMP ENTERTAINMENT RESORTS INC.
5c9e6affd867f016f8002a6a,TRUMP EU MARKS MEMBER CORP.
5c9e6affd867f016f8002a6b,TRUMP FERRY POINT MEMBER CORP.
5c9e6affd867f016f8002a6c,TRUMP FLORIDA MANAGER CORP.
5c9e6affd867f016f8002a6d,TRUMP GOLF COCO BEACH MEMBER CORP.
5c9e6affd867f016f8002a6e,TRUMP HOME MARKS MEMBER CORP.
5c9e6affd867f016f8002a6f,TRUMP HOTELS & CASINO RESORTS DEVELOPMENT COMPANY LLC
5c9e6affd867f016f8002a70,TRUMP HOTELS & CASINO RESORTS FUNDING INC.
5c9e6affd867f016f8002a71,TRUMP HOTELS & CASINO RESORTS HOLDINGS L.P.
5c9e6affd867f016f8002a72,TRUMP INDIANA CASINO MANAGEMENT LLC
5c9e6affd867f016f8002a73,TRUMP INDIANA REALTY LLC
5c9e6affd867f016f8002a74,TRUMP INDIANA INC.
5c9e6affd867f016f8002a75,TRUMP INTERNATIONAL DEVELOPMENT MEMBER CORP.
5c9e6affd867f016f8002a76,TRUMP INTERNATIONAL GOLF CLUB - FLORIDA
5c9e6affd867f016f8002a77,TRUMP INTERNATIONAL GOLF CLUB INC.
5c9e6affd867f016f8002a78,TRUMP INTERNATIONAL GOLF LINKS - DOONBEG
5c9e6affd867f016f8002a79,TRUMP INTERNATIONAL HOTELS MANAGEMENT LLC
5c9e6affd867f016f8002a7a,TRUMP INTERNET CASINO LLC
5c9e6affd867f016f8002a7b,TRUMP KOREAN PROJECTS LLC
5c9e6affd867f016f8002a7c,TRUMP LAS OLAS MEMBER CORP.
5c9e6affd867f016f8002a7d,TRUMP LAS VEGAS CORP.
5c9e6affd867f016f8002a7e,TRUMP LAS VEGAS MANAGING MEMBER LLC
5c9e6affd867f016f8002a7f,TRUMP LAS VEGAS MEMBER LLC
5c9e6affd867f016f8002a80,TRUMP MARINA ASSOCIATES L.P.
5c9e6affd867f016f8002a81,TRUMP MARINA INC.
5c9e6affd867f016f8002a82,TRUMP MARKS ASIA CORP.
5c9e6affd867f016f8002a83,TRUMP MARKS ATLANTA MEMBER CORP.
5c9e6affd867f016f8002a84,TRUMP MARKS BAJA CORP.
5c9e6affd867f016f8002a85,TRUMP MARKS BATUMI MANAGING MEMBER CORP.
5c9e6affd867f016f8002a86,TRUMP MARKS BEVERAGES CORP.
5c9e6affd867f016f8002a87,TRUMP MARKS CANOUAN CORP.
5c9e6affd867f016f8002a88,TRUMP MARKS CHICAGO MEMBER CORP.
5c9e6affd867f016f8002a89,TRUMP MARKS DUBAI CORP.
5c9e6affd867f016f8002a8a,TRUMP MARKS EGYPT CORP.
5c9e6affd867f016f8002a8b,TRUMP MARKS FINE FOODS MEMBER CORP.
5c9e6affd867f016f8002a8c,TRUMP MARKS FT. LAUDERDALE MEMBER CORP.
5c9e6affd867f016f8002a8d,TRUMP MARKS GP CORP.
5c9e6affd867f016f8002a8e,TRUMP MARKS HOLDINGS L.P.
5c9e6affd867f016f8002a8f,TRUMP MARKS HOLLYWOOD CORP.
5c9e6affd867f016f8002a90,TRUMP MARKS ISTANBUL II CORP.
5c9e6affd867f016f8002a91,TRUMP MARKS JERSEY CITY CORP.
5c9e6affd867f016f8002a92,TRUMP MARKS LAS VEGAS CORP.
5c9e6affd867f016f8002a93,TRUMP MARKS MAGAZINE CORP.
5c9e6affd867f016f8002a94,TRUMP MARKS MATTRESS MEMBER CORP.
5c9e6affd867f016f8002a95,TRUMP MARKS MENSWEAR MEMBER CORP.
5c9e6affd867f016f8002a96,TRUMP MARKS MORTGAGE CORP.
5c9e6affd867f016f8002a97,TRUMP MARKS MUMBAI MEMBER CORP.
5c9e6affd867f016f8002a98,TRUMP MARKS NEW ROCHELLE CORP.
5c9e6affd867f016f8002a99,TRUMP MARKS PALM BEACH CORP.
5c9e6affd867f016f8002a9a,TRUMP MARKS PANAMA CORP.
5c9e6affd867f016f8002a9b,TRUMP MARKS PHILADELPHIA CORP.
5c9e6affd867f016f8002a9c,TRUMP MARKS PHILIPPINES CORP.
5c9e6affd867f016f8002a9d,TRUMP MARKS PRODUCTS MEMBER CORP.
5c9e6affd867f016f8002a9e,TRUMP MARKS PUERTO RICO I MEMBER CORP.
5c9e6affd867f016f8002a9f,TRUMP MARKS PUERTO RICO II MEMBER CORP.
5c9e6affd867f016f8002aa0,TRUMP MARKS PUNTA DEL ESTE MANAGER CORP.
5c9e6affd867f016f8002aa1,TRUMP MARKS SOHO LICENSE CORP.
5c9e6affd867f016f8002aa2,TRUMP MARKS STAMFORD CORP.
5c9e6affd867f016f8002aa3,TRUMP MARKS SUNNY ISLES I MEMBER CORP.
5c9e6affd867f016f8002aa4,TRUMP MARKS SUNNY ISLES II MEMBER CORP.
5c9e6affd867f016f8002aa5,TRUMP MARKS TAMPA CORP.
5c9e6affd867f016f8002aa6,TRUMP MARKS TORONTO CORP.
5c9e6affd867f016f8002aa7,TRUMP MARKS TORONTO LP
5c9e6affd867f016f8002aa8,TRUMP MARKS WAIKIKI CORP.
5c9e6affd867f016f8002aa9,TRUMP MARKS WESTCHESTER CORP.
5c9e6affd867f016f8002aaa,TRUMP MARKS WHITE PLAINS CORP.
5c9e6affd867f016f8002aab,TRUMP MIAMI RESORT MANAGEMENT MEMBER CORP.
5c9e6affd867f016f8002aac,TRUMP NATIONAL GOLF CLUB - LOS ANGELES
5c9e6affd867f016f8002aad,TRUMP NATIONAL GOLF CLUB COLTS NECK MEMBER CORP.
5c9e6affd867f016f8002aae,TRUMP NATIONAL GOLF CLUB LLC
5c9e6affd867f016f8002aaf,TRUMP NATIONAL GOLF CLUB MEMBER CORP.
5c9e6affd867f016f8002ab0,TRUMP NATIONAL GOLF CLUB WASHINGTON DC MEMBER CORP.
5c9e6affd867f016f8002ab1,TRUMP OCEAN MANAGER INC.
5c9e6affd867f016f8002ab2,TRUMP OCEAN MANAGING MEMBER LLC
5c9e6affd867f016f8002ab3,TRUMP OLD POST OFFICE LLC
5c9e6affd867f016f8002ab4,TRUMP OLD POST OFFICE MEMBER CORP.
5c9e6affd867f016f8002ab5,TRUMP ORGANIZATION LLC
5c9e6affd867f016f8002ab6,"TRUMP ORGANIZATION LLC
5c9e6affd867f016f8002ab7,TRUMP PAGEANTS INC.
5c9e6affd867f016f8002ab8,TRUMP PANAMA CONDOMINIUM MEMBER CORP.
5c9e6affd867f016f8002ab9,TRUMP PANAMA HOTEL MANAGEMENT MEMBER CORP.
5c9e6affd867f016f8002aba,TRUMP PARK AVENUE ACQUISITION LLC
5c9e6affd867f016f8002abb,TRUMP PLAZA ASSOCIATES
5c9e6affd867f016f8002abc,TRUMP PLAZA ASSOCIATES LLC
5c9e6affd867f016f8002abd,TRUMP PLAZA MEMBER INC.
5c9e6affd867f016f8002abe,TRUMP PRODUCTIONS LLC
5c9e6affd867f016f8002abf,TRUMP PRODUCTIONS MANAGING MEMBER INC.
5c9e6affd867f016f8002ac0,TRUMP REALTY SERVICES LLC
5c9e6affd867f016f8002ac1,TRUMP RIVERSIDE MANAGEMENT LLC
5c9e6affd867f016f8002ac2,TRUMP RUFFIN LLC
5c9e6affd867f016f8002ac3,TRUMP RUFFIN TOWER I LLC
5c9e6affd867f016f8002ac4,TRUMP SALES & LEASING CHICAGO MEMBER CORP.
5c9e6affd867f016f8002ac5,TRUMP SCOTLAND MEMBER INC
5c9e6affd867f016f8002ac6,TRUMP SCOTSBOROUGH SQUARE MEMBER CORP.
5c9e6affd867f016f8002ac7,TRUMP TAJ MAHAL ASSOCIATES
5c9e6affd867f016f8002ac8,TRUMP TORONTO MEMBER CORP.
5c9e6affd867f016f8002ac9,TRUMP TOWER MANAGING MEMBER INC.
5c9e6affd867f016f8002aca,TRUMP TURNBERRY
5c9e6affd867f016f8002acb,TRUMP UNIVERSITY CA LLC
5c9e6affd867f016f8002acc,TRUMP VINEYARD ESTATES LLC
5c9e6affd867f016f8002acd,TRUMP VINEYARD ESTATES LOT 3 OWNER LLC
5c9e6affd867f016f8002ace,TRUMP VINEYARD ESTATES MANAGER CORP.
5c9e6affd867f016f8002acf,TRUMP VIRGINIA ACQUISITIONS LLC
5c9e6affd867f016f8002ad0,TRUMP VIRGINIA ACQUISITIONS MANAGER CORP.
5c9e6affd867f016f8002ad1,TRUMP VIRGINIA LOT 5 MANAGER CORP.
5c9e6affd867f016f8002ad2,TRUMP WINE MARKS MEMBER CORP.
5c9e6affd867f016f8002ad3,TRUMP WINERY
5c9e6affd867f016f8002ad4,TRUMP WORLD PRODUCTIONS MANAGER CORP.
5c9e6affd867f016f8002ad5,TTTT VENTURE LLC
5c9e6affd867f016f8002ad6,TTTT VENTURE MEMBER CORP.
5c9e6affd867f016f8002ad7,TURNBERRY SCOTLAND LLC
5c9e6affd867f016f8002ad8,TURNBERRY SCOTLAND MANAGING MEMBER CORP.
5c9e6affd867f016f8002ad9,TW VENTURE I MANAGING MEMBER CORP.
5c9e6affd867f016f8002ada,TW VENTURE II LLC
5c9e6affd867f016f8002adb,TW VENTURE II MANAGING MEMBER CORP.
5c9e6affd867f016f8002adc,UBS GROUP AG
5c9e6affd867f016f8002add,UNIT 2502 ENTERPRISES CORP.
5c9e6affd867f016f8002ade,UNITED ARTISTS MEDIA GROUP
5c9e6affd867f016f8002adf,US CONSUMER COALITION
5c9e6affd867f016f8002ae0,USAA
5c9e6affd867f016f8002ae1,USTC HOLDINGS LLC
5c9e6affd867f016f8002ae2,VALIC
5c9e6affd867f016f8002ae3,VALUE LINE
5c9e6affd867f016f8002ae4,VERNER LIIPFERT BERNHARD MCPHERSON AND HAND
5c9e6affd867f016f8002ae5,VH PROPERTY CORP.
5c9e6affd867f016f8002ae6,VORNADO REALTY TRUST
5c9e6affd867f016f8002ae7,VOYA FINANCIAL
5c9e6affd867f016f8002ae8,WELLCOME TRUST
5c9e6affd867f016f8002ae9,WENDOH MEDIA
5c9e6affd867f016f8002aea,WESTERN ASSET MORTGAGE CAPITAL
5c9e6affd867f016f8002aeb,WEWORK
5c9e6affd867f016f8002aec,WHITE COURSE MANAGING MEMBER CORP.
5c9e6affd867f016f8002aed,X-CO DYNAMICS INC.
5c9e6affd867f016f8002aee,XE SERVICES LLC
5c9e6affd867f016f8002aef,"YOUNG AMERICA'S FOUNDATION
5c9e6affd867f016f8002af0,"YY DEVELOPMENT GROUP
5c9e6affd867f016f8002af1,ZQAN
5c9e6affd867f016f8002af2,4 SHADOW TREE LANE LLC
5c9e6affd867f016f8002af3,40 WALL STREET COMMERCIAL LLC
5c9e6affd867f016f8002af4,TRUMP CHICAGO RETAIL LLC
5c9e6affd867f016f8002af5,TRUMP COMMERCIAL CHICAGO LLC
5c9e6affd867f016f8002af6,TRUMP PAYROLL CHICAGO LLC
5c9e6affd867f016f8002af7,809 NORTH CANON LLC
5c9e6affd867f016f8002af8,TRUMP CASINOS INC.
5c9e6affd867f016f8002af9,TRUMP TAJ MAHAL INC.
5c9e6affd867f016f8002afa,TRUMP MARKS PUNTA DEL ESTE LLC
5c9e6affd867f016f8002afb,TRUMP TOWER COMMERCIAL LLC
5c9e6affd867f016f8002afc,AMWAY
5c9e6affd867f016f8002afd,TRUMP NATIONAL GOLF CLUB COLTS NECK LLC
5c9e6affd867f016f8002afe,AIG GLOBAL REAL ESTATE INVESTMENT CORP.
5c9e6affd867f016f8002aff,IRANIAN REVOLUTIONARY GUARD CORPS
5c9e6affd867f016f8002b00,BAKU XXI CENTURY
5c9e6affd867f016f8002b01,BANK OF AZERBAIJAN
5c9e6affd867f016f8002b02,THAYER AEROSPACE CONSOLIDATED INC.
5c9e6affd867f016f8002b03,1293 AVENUE OF THE AMERICAS A TENANCY-IN-COMMON
5c9e6affd867f016f8002b04,CASTLE ROCK ENTERTAINMENT
5c9e6affd867f016f8002b05,FL GROUP
5c9e6affd867f016f8002b06,SWISS DEVELOPMENT GROUP
5c9e6affd867f016f8002b07,SAPIR ORGANIZATION
5c9e6affd867f016f8002b08,SEVEN SPRINGS LLC
5c9e6affd867f016f8002b09,FIFTY-SEVENTH STREET ASSOCIATES LLC
5c9e6affd867f016f8002b0a,BRACEWELL & GIULIANI LLP
5c9e6affd867f016f8002b0b,BLACK MANAFORT STONE AND KELLY
5c9e6affd867f016f8002b0c,C DEVELOPMENT VENTURES LLC
5c9e6affd867f016f8002b0d,MAKING AMERICA GREAT
5c9e6affd867f016f8002b0e,CIC PARTNERS
5c9e6affd867f016f8002b0f,CARIBUSINESS INVESTMENTS S.R.L.
5c9e6affd867f016f8002b10,TRUMP NATIONAL GOLF CLUB WASHINGTON DC LLC
5c9e6affd867f016f8002b11,FINANCIAL FREEDOM
5c9e6affd867f016f8002b12,ONEWEST BANK FSB
5c9e6affd867f016f8002b13,BANNON STRATEGIC ADVISORS INC.
5c9e6affd867f016f8002b14,CITIZENS UNITED PRODUCTIONS
5c9e6affd867f016f8002b15,CDS LLC
5c9e6affd867f016f8002b16,COLONY AMERICAN FINANCE
5c9e6affd867f016f8002b17,NORTHSTAR REALTY EUROPE
5c9e6affd867f016f8002b18,NORTHSTAR SECURITIES LLC
5c9e6affd867f016f8002b19,ONE CENTRAL PARK WEST PT ASSOCIATES
5c9e6affd867f016f8002b1a,GREPLIN
5c9e6affd867f016f8002b1b,TITAN ATLAS MANUFACTURING
5c9e6affd867f016f8002b1c,TRUMP KOREA LLC
5c9e6affd867f016f8002b1d,PERICLES EMERGING MARKET MANAGERS L.P.
5c9e6affd867f016f8002b1e,1290 AVENUE OF THE AMERICAS A TENANCY-IN-COMMON
5c9e6affd867f016f8002b1f,TRUMP NATIONAL DORAL
5c9e6affd867f016f8002b20,SANEI INTERNATIONAL
5c9e6affd867f016f8002b21,BRIAR HALL OPERATIONS LLC
5c9e6affd867f016f8002b22,STEINMETZ DIAMOND GROUP
5c9e6affd867f016f8002b23,DJT UNIVERSITY MANAGING MEMBER LLC
5c9e6affd867f016f8002b24,DJT UNIVERSITY MEMBER LLC
5c9e6affd867f016f8002b25,DT CONNECT II LLC
5c9e6affd867f016f8002b26,PINE HILL DEVELOPMENT LLC
5c9e6affd867f016f8002b27,THC VENTURE I LLC
5c9e6affd867f016f8002b28,TNGC JUPITER MANAGEMENT LLC
5c9e6affd867f016f8002b29,TRUMP MARKS ASIA LLC
5c9e6affd867f016f8002b2a,TRUMP NATIONAL GOLF CLUB - CHARLOTTE
5c9e6affd867f016f8002b2b,TRUMP NATIONAL GOLF CLUB - HUDSON VALLEY
5c9e6affd867f016f8002b2c,TRUMP NATIONAL GOLF CLUB - JUPITER
5c9e6affd867f016f8002b2d,TRUMP NATIONAL GOLF CLUB - PHILADELPHIA
5c9e6affd867f016f8002b2e,TRUMP NATIONAL GOLF CLUB - WESTCHESTER
5c9e6affd867f016f8002b2f,TRUMP SCOTSBOROUGH SQUARE LLC
5c9e6affd867f016f8002b30,TRUMP VIRGINIA LOT 5 LLC
5c9e6affd867f016f8002b31,TRUMP WINE MARKS LLC
5c9e6affd867f016f8002b32,TW VENTURE I LLC
5c9e6affd867f016f8002b33,WHITE COURSE LLC
5c9e6affd867f016f8002b34,TAG AIR INC.
5c9e6affd867f016f8002b35,RECOLTE
5c9e6affd867f016f8002b36,TRUMP MARKS NETWORK LLC
5c9e6affd867f016f8002b37,TRUMP MARKS NETWORK MEMBER INC
5c9e6affd867f016f8002b38,DT APP WARRANT HOLDING LLC
5c9e6affd867f016f8002b39,DT BALI GOLF MANAGER LLC
5c9e6affd867f016f8002b3a,DT BALI HOTEL MANAGER LLC
5c9e6affd867f016f8002b3b,DT BALI TECHNICAL SERVICES MANAGER LLC
5c9e6affd867f016f8002b3c,GOP DATA TRUST LLC
5c9e6affd867f016f8002b3d,DT CONNECT LLC
5c9e6affd867f016f8002b3e,DT DUBAI GOLF MANAGER LLC
5c9e6affd867f016f8002b3f,DT DUBAI II GOLF MANAGER LLC
5c9e6affd867f016f8002b40,DT HOME MARKS INTERNATIONAL LLC
5c9e6affd867f016f8002b41,DT INDIA VENTURE MANAGING MEMBER CORP.
5c9e6affd867f016f8002b42,DT JEDDAH TECHNICAL SERVICES ADVISOR LLC
5c9e6affd867f016f8002b43,DT JEDDAH TECHNICAL SERVICES MANAGER LLC
5c9e6affd867f016f8002b44,DT LIDO GOLF MANAGER LLC
5c9e6affd867f016f8002b45,DT LIDO HOTEL MANAGER LLC
5c9e6affd867f016f8002b46,DT LIDO TECHNICAL SERVICES MANAGER LLC
5c9e6affd867f016f8002b47,DT MARKS BAKU LLC
5c9e6affd867f016f8002b48,DT MARKS BALI LLC
5c9e6affd867f016f8002b49,DT MARKS DUBAI II LLC
5c9e6affd867f016f8002b4a,DT MARKS DUBAI LLC
5c9e6affd867f016f8002b4b,DT MARKS GURGAON LLC
5c9e6affd867f016f8002b4c,DT MARKS LIDO LLC
5c9e6affd867f016f8002b4d,DT MARKS PRODUCTS INTERNATIONAL LLC
5c9e6affd867f016f8002b4e,DT MARKS PUNE II LLC
5c9e6affd867f016f8002b4f,DT MARKS PUNE LLC
5c9e6affd867f016f8002b50,DT MARKS QATAR LLC
5c9e6affd867f016f8002b51,MRP GROUP
5c9e6affd867f016f8002b52,DT MARKS RIO LLC
5c9e6affd867f016f8002b53,DT MARKS VANCOUVER LP
5c9e6affd867f016f8002b54,DT MARKS WORLI LLC
5c9e6affd867f016f8002b55,DT TOWER GURGAON LLC
5c9e6affd867f016f8002b56,DT TOWER I LLC
5c9e6affd867f016f8002b57,DT TOWER KOLKATA LLC
5c9e6affd867f016f8002b58,EID VENTURE II LLC
5c9e6affd867f016f8002b59,EURASIAN NATURAL RESOURCES CORPORATION
5c9e6affd867f016f8002b5a,EXCEL VENTURE I LLC
5c9e6affd867f016f8002b5b,TRUMP PALACE/PARC LLC
5c9e6affd867f016f8002b5c,TRUMP FLIGHTS INC.
5c9e6affd867f016f8002b5d,INOVO BV
5c9e6affd867f016f8002b5e,TRUMP PARK AVENUE LLC
5c9e6affd867f016f8002b5f,1292 AVENUE OF THE AMERICAS A TENANCY-IN-COMMON
5c9e6affd867f016f8002b60,INTERNET GAMING ENTERTAINMENT
5c9e6affd867f016f8002b61,REALCADRE LLC
5c9e6affd867f016f8002b62,GOLF PRODUCTIONS LLC
5c9e6affd867f016f8002b63,DT CONNECT EUROPE LIMITED
5c9e6affd867f016f8002b64,BREITBART NEWS
5c9e6affd867f016f8002b65,HWA 555 OWNERS LLC
5c9e6affd867f016f8002b66,HUDSON WATERFRONT ASSOCIATES L.P.
5c9e6affd867f016f8002b67,HUDSON WATERFRONT ASSOCIATES II L.P.
5c9e6affd867f016f8002b68,WANDERS DISTILLERY OF HOLLAND
5c9e6affd867f016f8002b69,INDIAN HILLS DEVELOPMENT LLC
5c9e6affd867f016f8002b6a,ZARA
5c9e6affd867f016f8002b6b,IT APPAREL II LLC
5c9e6affd867f016f8002b6c,IT BABY HOME LLC
5c9e6affd867f016f8002b6d,IT EYEWEAR LLC
5c9e6affd867f016f8002b6e,IT FASHION JEWELRY LLC
5c9e6affd867f016f8002b6f,IT FRAGRANCE LLC
5c9e6affd867f016f8002b70,IT HANDBAGS LLC
5c9e6affd867f016f8002b71,IT HOME MARKS LLC
5c9e6affd867f016f8002b72,IVANKA TRUMP MARKS II LLC
5c9e6affd867f016f8002b73,IVANKA TRUMP MARKS JEWELRY LLC
5c9e6affd867f016f8002b74,IVANKA TRUMP MARKS LLC
5c9e6affd867f016f8002b75,IVANKA OPO HOTEL MANAGER LLC
5c9e6affd867f016f8002b76,IVANKA OPO LLC
5c9e6affd867f016f8002b77,VICTORY FILM PROJECT LLC
5c9e6affd867f016f8002b78,FLINT HILLS PUBLIC POLICY INSTITUTE
5c9e6affd867f016f8002b79,ROBERT M. BASS GROUP
5c9e6affd867f016f8002b7a,AZARPASSILLO
5c9e6affd867f016f8002b7b,KOCH HEAT TRANSFER COMPANY
5c9e6affd867f016f8002b7c,AFRICA-ISRAEL INVESTMENTS
5c9e6affd867f016f8002b7d,GAIA INVESTMENT CORP.
5c9e6affd867f016f8002b7e,JK2 WESTMINSTER LLC
5c9e6affd867f016f8002b7f,KABR GROUP
5c9e6affd867f016f8002b80,KUSHNER VILLAGE 325 EAST 10TH LLC
5c9e6affd867f016f8002b81,KUSHNER VILLAGE 329 EAST 9TH LLC
5c9e6affd867f016f8002b82,LINCOLN PROPERTY CO.
5c9e6affd867f016f8002b83,MORGAN PROPERTIES
5c9e6affd867f016f8002b84,STONEHAGE FLEMING
5c9e6affd867f016f8002b85,TARRAGON CORP.
5c9e6affd867f016f8002b86,TISHMAN SPEYER PROPERTIES
5c9e6affd867f016f8002b87,WESTMINSTER CITY LIVING
5c9e6affd867f016f8002b88,WESTMINSTER MANAGEMENT
5c9e6affd867f016f8002b89,WESTMINSTER RESIDENTIAL ACQUISITION LLC
5c9e6affd867f016f8002b8a,INVESCO
5c9e6affd867f016f8002b8b,TRUMP PLAZA LLC
5c9e6affd867f016f8002b8c,TRUMP NATIONAL GOLF CLUB - BEDMINSTER
5c9e6affd867f016f8002b8d,TRUMP HOTEL COLLECTION
5c9e6affd867f016f8002b8e,IVANKA TRUMP FINE JEWELRY
5c9e6affd867f016f8002b8f,GLITTERING STEEL LLC
5c9e6affd867f016f8002b90,MALC INC.
5c9e6affd867f016f8002b91,MAR-A-LAGO CLUB LLC
5c9e6affd867f016f8002b92,AMERICAN ASSOCIATION FOR AEROSOL RESEARCH
5c9e6affd867f016f8002b93,AMERICAN MUSEUM OF NATURAL HISTORY
5c9e6affd867f016f8002b94,BERKELEY EARTH
5c9e6affd867f016f8002b95,CATO INSTITUTE
5c9e6affd867f016f8002b96,CENTER FOR DEFENSE OF FREE ENTERPRISE
5c9e6affd867f016f8002b97,CHERISH FREEDOM FOUNDATION
5c9e6affd867f016f8002b98,CITIZENS UNITED FOUNDATION
5c9e6affd867f016f8002b99,CLASSROOM INC.
5c9e6affd867f016f8002b9a,COMMUNITY FOUNDATION OF HUDSON VALLEY
5c9e6affd867f016f8002b9b,COUNCIL FOR NATIONAL POLICY
5c9e6affd867f016f8002b9c,EMPIRE CENTER FOR PUBLIC POLICY
5c9e6affd867f016f8002b9d,ENCOUNTER FOR CULTURE AND EDUCATION
5c9e6affd867f016f8002b9e,FOUNDATION FOR CULTURAL REVIEW/THE NEW CRITERION
5c9e6affd867f016f8002b9f,GATESTONE INSTITUTE
5c9e6affd867f016f8002ba0,HISTORICAL ROYAL PLACES
5c9e6affd867f016f8002ba1,ILLINOIS POLICY INSTITUTE
5c9e6affd867f016f8002ba2,JOB CREATORS ALLIANCE
5c9e6affd867f016f8002ba3,JOHN HANCOCK COMMITTEE FOR THE STATES
5c9e6affd867f016f8002ba4,KING'S COLLEGE
5c9e6affd867f016f8002ba5,MANHATTAN INSTITUTE FOR POLICY
5c9e6affd867f016f8002ba6,MEDIA RESEARCH CENTER
5c9e6affd867f016f8002ba7,MOVING PICTURE INSTITUTE
5c9e6affd867f016f8002ba8,NATIONAL YOUTH SCIENCE FUND
5c9e6affd867f016f8002ba9,PATTON FOUNDATION
5c9e6affd867f016f8002baa,REASON FOUNDATION
5c9e6affd867f016f8002bab,RECLAIM NEW YORK
5c9e6affd867f016f8002bac,SUCCESS ACADEMY CHARTER
5c9e6affd867f016f8002bad,TEXAS FREEDOM NETWORK
5c9e6affd867f016f8002bae,THE BARRY GOLDWATER INSTITUTE
5c9e6affd867f016f8002baf,THE BECKET FUND
5c9e6affd867f016f8002bb0,THE CALVIN COOLIDGE FOUNDATION
5c9e6affd867f016f8002bb1,THE FEDERALIST SOCIETY
5c9e6affd867f016f8002bb2,THE GEORGE W BUSH FOUNDATION
5c9e6affd867f016f8002bb3,THE HEARTLAND INSTITUTE
5c9e6affd867f016f8002bb4,THE LEADERSHIP FOUNDATION
5c9e6affd867f016f8002bb5,THE STONYBROOK FOUNDATION
5c9e6affd867f016f8002bb6,THE WORLD SCIENCE FESTIVAL
5c9e6affd867f016f8002bb7,WILDLIFE CONSERVATION SOCIETY
5c9e6affd867f016f8002bb8,MERRILL LYNCH HOME LOANS
5c9e6affd867f016f8002bb9,ZAPOROZHSTAL
5c9e6affd867f016f8002bba,TRUMP PAGEANTS LP
5c9e6affd867f016f8002bbb,MNC BANK
5c9e6affd867f016f8002bbc,MNC CORPORATION
5c9e6affd867f016f8002bbd,MNC FINANCIAL SERVICES
5c9e6affd867f016f8002bbe,MNC LAND
5c9e6affd867f016f8002bbf,MNC MEDIA
5c9e6affd867f016f8002bc0,MOBILE PAYROLL CONSTRUCTION LLC
5c9e6affd867f016f8002bc1,TRUMP/NEW WORLD PROPERTY MANAGEMENT LLC
5c9e6affd867f016f8002bc2,PUBLIUS GROUP
5c9e6affd867f016f8002bc3,OCEAN DEVELOPMENT SERVICES LLC
5c9e6affd867f016f8002bc4,DON OPO HOTEL MANAGER LLC
5c9e6affd867f016f8002bc5,ERIC OPO HOTEL MANAGER LLC
5c9e6affd867f016f8002bc6,THC DC RESTAURANT HOSPITALITY LLC
5c9e6affd867f016f8002bc7,PANAMA OCEAN CLUB MANAGEMENT LLC
5c9e6affd867f016f8002bc8,PARAMOUNT RPV HOLDINGS LLC
5c9e6affd867f016f8002bc9,BLACK SEA CABLE
5c9e6affd867f016f8002bca,OSCAR INSURANCE CORPORATION
5c9e6affd867f016f8002bcb,THE EAST 61 STREET COMPANY L.P.
5c9e6affd867f016f8002bcc,POKER VENTURE LLC
5c9e6affd867f016f8002bcd,REYNOLDS AMERICAN INC.
5c9e6affd867f016f8002bce,ISLAMIC REVOLUTION MOSTAZAFAN FOUNDATION
5c9e6affd867f016f8002bcf,SOROS FUND MANAGEMENT LLC
5c9e6affd867f016f8002bd0,RUSSIAN-AMERICAN CHAMBER OF COMMERCE IN THE USA
5c9e6affd867f016f8002bd1,RESTAURANT 40 LLC
5c9e6affd867f016f8002bd2,GLENCORE
5c9e6affd867f016f8002bd3,NEFTEGAZ HOLDING AMERICA LIMITED
5c9e6affd867f016f8002bd4,QATARI INVESTMENT AUTHORITY
5c9e6affd867f016f8002bd5,RN CARDIUM OIL INC.
5c9e6affd867f016f8002bd6,BEHAVIOURAL DYNAMICS INSTITUTE
5c9e6affd867f016f8002bd7,IOTA GLOBAL
5c9e6affd867f016f8002bd8,TRUMP JETS LLC
5c9e6affd867f016f8002bd9,SOCIÉTÉ GÉNÉRALE
5c9e6affd867f016f8002bda,NITTO WORLD CO. LIMITED
5c9e6affd867f016f8002bdb,TRUMP ON THE OCEAN LLC
5c9e6affd867f016f8002bdc,TRUMP INTERNATIONAL REALTY
5c9e6affd867f016f8002bdd,THC BAKU HOTEL MANAGER SERVICES LLC
5c9e6affd867f016f8002bde,THC BAKU SERVICES LLC
5c9e6affd867f016f8002bdf,THC CENTRAL RESERVATIONS LLC
5c9e6affd867f016f8002be0,TRUMP CHINA DEVELOPMENT LLC
5c9e6affd867f016f8002be1,TRUMP CHINA DEVELOPMENT MANAGEMENT CORP.
5c9e6affd867f016f8002be2,THC CHINA TECHNICAL SERVICES LLC
5c9e6affd867f016f8002be3,THC BARRA HOTELARIA LTDA
5c9e6affd867f016f8002be4,THC DEVELOPMENT BRAZIL LLC
5c9e6affd867f016f8002be5,THC DUBAI II HOTEL MANAGER LLC
5c9e6affd867f016f8002be6,THC JEDDAH HOTEL ADVISOR LLC
5c9e6affd867f016f8002be7,THC JEDDAH HOTEL MANAGER LLC
5c9e6affd867f016f8002be8,THC MIAMI RESTAURANT HOSPITALITY LLC
5c9e6affd867f016f8002be9,THC QATAR HOTEL MANAGER LLC
5c9e6affd867f016f8002bea,THC RIO MANAGER LLC
5c9e6affd867f016f8002beb,THC SALES & MARKETING LLC
5c9e6affd867f016f8002bec,THC SERVICES SHENZHEN LLC
5c9e6affd867f016f8002bed,THC SHENZHEN HOTEL MANAGER LLC
5c9e6affd867f016f8002bee,THC VANCOUVER PAYROLL ULC
5c9e6affd867f016f8002bef,THC VENTURE II LLC
5c9e6affd867f016f8002bf0,TRUMP HOTELS & CASINO RESORTS INC.
5c9e6affd867f016f8002bf1,ENTERTAINMENT CONSULTING INTERNATIONAL
5c9e6affd867f016f8002bf2,BEACH HAVEN APT #1. INC.
5c9e6affd867f016f8002bf3,SHORE HAVEN APT#1 INC.
5c9e6affd867f016f8002bf4,THE DONALD J. TRUMP COMPANY LLC
5c9e6affd867f016f8002bf5,HERITAGE ACTION FOR AMERICA
5c9e6affd867f016f8002bf6,TRUMP EDUCATION ULC NOVA SCOTIA
5c9e6affd867f016f8002bf7,THE TRUMP FOLLIES LLC
5c9e6affd867f016f8002bf8,TRUMP MARKS REAL ESTATE LLC
5c9e6affd867f016f8002bf9,CAP CANA S.A.
5c9e6affd867f016f8002bfa,HOLBORN GROUP OF COMPANIES
5c9e6affd867f016f8002bfb,KLAFTER & BURKE
5c9e6affd867f016f8002bfc,SILK ROAD GROUP
5c9e6affd867f016f8002bfd,TA GLOBAL BERHAD
5c9e6affd867f016f8002bfe,TALON INTERNATIONAL DEVELOPMENT
5c9e6affd867f016f8002bff,THE TRUMP HOTEL CORPORATION
5c9e6affd867f016f8002c00,TRUMP INTERNATIONAL GOLF CLUB SCOTLAND LIMITED
5c9e6affd867f016f8002c01,TRUMP MORTGAGE LLC
5c9e6affd867f016f8002c02,42FLOORS
5c9e6affd867f016f8002c03,ALBUMATIC
5c9e6affd867f016f8002c04,AND CO
5c9e6affd867f016f8002c05,ARTSY
5c9e6affd867f016f8002c06,BABY.COM.BR
5c9e6affd867f016f8002c07,BENCHLING
5c9e6affd867f016f8002c08,BONDSY
5c9e6affd867f016f8002c09,CHAIN
5c9e6affd867f016f8002c0a,CLASSPASS
5c9e6affd867f016f8002c0b,CODECADEMY
5c9e6affd867f016f8002c0c,COMPASS REAL ESTATE
5c9e6affd867f016f8002c0d,DISPATCH.IO
5c9e6affd867f016f8002c0e,DWOLLA
5c9e6affd867f016f8002c0f,FAB.COM
5c9e6affd867f016f8002c10,FIFTYTHREE
5c9e6affd867f016f8002c11,FLATIRON SCHOOL
5c9e6affd867f016f8002c12,GIFTLY
5c9e6affd867f016f8002c13,GITHUB
5c9e6affd867f016f8002c14,GLOSSIER
5c9e6affd867f016f8002c15,GOBBLE
5c9e6affd867f016f8002c16,GREENHOUSE
5c9e6affd867f016f8002c17,GROUPME
5c9e6affd867f016f8002c18,HARRY'S RAZOR COMPANY
5c9e6affd867f016f8002c19,HIGHTOWER
5c9e6affd867f016f8002c1a,HONEST BUILDINGS
5c9e6affd867f016f8002c1b,HONOR
5c9e6affd867f016f8002c1c,HOT POTATO
5c9e6affd867f016f8002c1d,HOWABOUTWE
5c9e6affd867f016f8002c1e,HYPERPUBLIC
5c9e6affd867f016f8002c1f,IMBELLUS
5c9e6affd867f016f8002c20,INSTACART
5c9e6affd867f016f8002c21,INSTAGRAM
5c9e6affd867f016f8002c22,INTO THE GLOSS
5c9e6affd867f016f8002c23,JELLO LABS
5c9e6affd867f016f8002c24,JET.COM
5c9e6affd867f016f8002c25,JIBE
5c9e6affd867f016f8002c26,JOYABLE
5c9e6affd867f016f8002c27,JUICERO
5c9e6affd867f016f8002c28,JUMP RAMP GAMES
5c9e6affd867f016f8002c29,JUSTWORKS
5c9e6affd867f016f8002c2a,KICKSTARTER
5c9e6affd867f016f8002c2b,KINNEK
5c9e6affd867f016f8002c2c,LATTICE
5c9e6affd867f016f8002c2d,LOLA
5c9e6affd867f016f8002c2e,MAKERBOT
5c9e6affd867f016f8002c2f,MAPBOX
5c9e6affd867f016f8002c30,MAPLE
5c9e6affd867f016f8002c31,NASTY GAL
5c9e6affd867f016f8002c32,NEVERWARE
5c9e6affd867f016f8002c33,ONSWIPE
5c9e6affd867f016f8002c34,OOPA DESIGN
5c9e6affd867f016f8002c35,OPENDOOR
5c9e6affd867f016f8002c36,OPENGOV
5c9e6affd867f016f8002c37,ORCHARD PLATFORM
5c9e6affd867f016f8002c38,PAPERLESS POST
5c9e6affd867f016f8002c39,PATREON
5c9e6affd867f016f8002c3a,PITZI
5c9e6affd867f016f8002c3b,RELATEIQ
5c9e6affd867f016f8002c3c,RENTJUICE
5c9e6affd867f016f8002c3d,RESEARCHGATE
5c9e6affd867f016f8002c3e,ROOMORAMA
5c9e6affd867f016f8002c3f,SAILTHRU
5c9e6affd867f016f8002c40,SEGMENT.IO
5c9e6affd867f016f8002c41,SHIFT LABS
5c9e6affd867f016f8002c42,SIMPLE
5c9e6affd867f016f8002c43,SLACK TECHNOLOGIES
5c9e6affd867f016f8002c44,SPREE COMMERCE
5c9e6affd867f016f8002c45,STRIPE
5c9e6affd867f016f8002c46,TICKTAIL
5c9e6affd867f016f8002c47,TUTORSPREE
5c9e6affd867f016f8002c48,TWITCH INTERACTIVE
5c9e6affd867f016f8002c49,UNITY TECHNOLOGIES
5c9e6affd867f016f8002c4a,VYCLONE
5c9e6affd867f016f8002c4b,WARBY PARKER
5c9e6affd867f016f8002c4c,WHISPER
5c9e6affd867f016f8002c4d,ZOLA
5c9e6affd867f016f8002c4e,TRUMP INTERNATIONAL HOTEL HAWAII LLC
5c9e6affd867f016f8002c4f,TIHT COMMERCIAL LLC
5c9e6affd867f016f8002c50,TITAN ATLAS GLOBAL
5c9e6affd867f016f8002c51,TRUMP MODEL MANAGEMENT LLC
5c9e6affd867f016f8002c52,TRUMP MARKS CLASSIC CARS LLC
5c9e6affd867f016f8002c53,TRUMP MARKS CLASSIC CARS MEMBER CORP.
5c9e6affd867f016f8002c54,CREST COURT LLC
5c9e6affd867f016f8002c55,CREST COURT MEMBER CORP.
5c9e6affd867f016f8002c56,TP CFD LLC
5c9e6affd867f016f8002c57,TOYS AT TRUMP INC.
5c9e6affd867f016f8002c58,845 UN LIMITED PARTNERSHIP
5c9e6affd867f016f8002c59,845 UN LLC
5c9e6affd867f016f8002c5a,TRUMP AC CASINO MARKS LLC
5c9e6affd867f016f8002c5b,TRUMP ACQUISITION LLC
5c9e6affd867f016f8002c5c,TRUMP BOOKS LLC
5c9e6affd867f016f8002c5d,BRIAR HALL DEVELOPMENT LLC
5c9e6affd867f016f8002c5e,TRUMP CANOUAN ESTATE LLC
5c9e6affd867f016f8002c5f,TRUMP CAROUSEL LLC
5c9e6affd867f016f8002c60,TRUMP CHICAGO COMMERCIAL MANAGER LLC
5c9e6affd867f016f8002c61,TRUMP CHICAGO HOTEL MANAGER LLC
5c9e6affd867f016f8002c62,TRUMP CHICAGO RESIDENTIAL MANAGER LLC
5c9e6affd867f016f8002c63,TRUMP CHICAGO RETAIL MANAGER LLC
5c9e6affd867f016f8002c64,TRUMP CLASSIC CARS LLC
5c9e6affd867f016f8002c65,TRUMP CPS LLC
5c9e6affd867f016f8002c66,TRUMP DEVELOPMENT SERVICES LLC
5c9e6affd867f016f8002c67,TRUMP DRINKS ISRAEL HOLDINGS LLC
5c9e6affd867f016f8002c68,TRUMP DRINKS ISRAEL LLC
5c9e6affd867f016f8002c69,ICAHN ENTERPRISES L.P.
5c9e6affd867f016f8002c6a,TRUMP EU MARKS LLC
5c9e6affd867f016f8002c6b,TRUMP FERRY POINT LLC
5c9e6affd867f016f8002c6c,TRUMP FLORIDA MANAGEMENT LLC
5c9e6affd867f016f8002c6d,TRUMP GOLF COCO BEACH LLC
5c9e6affd867f016f8002c6e,TRUMP HOME MARKS LLC
5c9e6affd867f016f8002c6f,TRUMP INTERNATIONAL DEVELOPMENT LLC
5c9e6affd867f016f8002c70,TRUMP INTERNATIONAL GOLF CLUB LC
5c9e6affd867f016f8002c71,TIGL IRELAND MANAGEMENT LIMITED
5c9e6affd867f016f8002c72,THC IMEA DEVELOPMENT LLC
5c9e6affd867f016f8002c73,TRUMP LAS OLAS LLC
5c9e6affd867f016f8002c74,TRUMP MARKS ATLANTA LLC
5c9e6affd867f016f8002c75,TRUMP MARKS BAJA LLC
5c9e6affd867f016f8002c76,TRUMP MARKS BATUMI LLC
5c9e6affd867f016f8002c77,TRUMP MARKS BEVERAGES LLC
5c9e6affd867f016f8002c78,TRUMP MARKS CANOUAN LLC
5c9e6affd867f016f8002c79,TRUMP MARKS CHICAGO LLC
5c9e6affd867f016f8002c7a,TRUMP MARKS DUBAI LLC
5c9e6affd867f016f8002c7b,TRUMP MARKS EGYPT LLC
5c9e6affd867f016f8002c7c,TRUMP MARKS FINE FOODS LLC
5c9e6affd867f016f8002c7d,TRUMP MARKS FT. LAUDERDALE LLC
5c9e6affd867f016f8002c7e,TRUMP MARKS LLC
5c9e6affd867f016f8002c7f,TRUMP MARKS LP
5c9e6affd867f016f8002c80,TRUMP MARKS HOLLYWOOD LLC
5c9e6affd867f016f8002c81,TRUMP MARKS ISTANBUL II LLC
5c9e6affd867f016f8002c82,TRUMP MARKS JERSEY CITY LLC
5c9e6affd867f016f8002c83,TRUMP MARKS LAS VEGAS LLC
5c9e6affd867f016f8002c84,TRUMP MARKS MAGAZINE LLC
5c9e6affd867f016f8002c85,TRUMP MARKS MATTRESS LLC
5c9e6affd867f016f8002c86,TRUMP MARKS MENSWEAR LLC
5c9e6affd867f016f8002c87,TRUMP MARKS MTG LLC
5c9e6affd867f016f8002c88,TRUMP MARKS MUMBAI LLC
5c9e6affd867f016f8002c89,TRUMP MARKS NEW ROCHELLE LLC
5c9e6affd867f016f8002c8a,TRUMP MARKS PALM BEACH LLC
5c9e6affd867f016f8002c8b,TRUMP MARKS PANAMA LLC
5c9e6affd867f016f8002c8c,TRUMP MARKS PHILADELPHIA LLC
5c9e6affd867f016f8002c8d,TRUMP MARKS PHILIPPINES LLC
5c9e6affd867f016f8002c8e,TRUMP MARKS PRODUCTS LLC
5c9e6affd867f016f8002c8f,TRUMP MARKS PUERTO RICO I LLC
5c9e6affd867f016f8002c90,TRUMP MARKS PUERTO RICO II LLC
5c9e6affd867f016f8002c91,TRUMP MARKS SOHO LLC
5c9e6affd867f016f8002c92,TRUMP MARKS STAMFORD LLC
5c9e6affd867f016f8002c93,TRUMP MARKS SUNNY ISLES I LLC
5c9e6affd867f016f8002c94,TRUMP MARKS SUNNY ISLES II LLC
5c9e6affd867f016f8002c95,TRUMP MARKS TAMPA LLC
5c9e6affd867f016f8002c96,TRUMP MARKS TORONTO LLC
5c9e6affd867f016f8002c97,TRUMP TORONTO MANAGEMENT LP
5c9e6affd867f016f8002c98,TRUMP MARKS WAIKIKI LLC
5c9e6affd867f016f8002c99,TRUMP MARKS WESTCHESTER LLC
5c9e6affd867f016f8002c9a,TRUMP MARKS WHITE PLAINS LLC
5c9e6affd867f016f8002c9b,TRUMP MIAMI RESORT MANAGEMENT LLC
5c9e6affd867f016f8002c9c,VHPS LLC
5c9e6affd867f016f8002c9d,TRUMP NATIONAL GOLF CLUB - COLTS NECK
5c9e6affd867f016f8002c9e,DON OPO LLC
5c9e6affd867f016f8002c9f,ERIC OPO LLC
5c9e6affd867f016f8002ca0,CENDYN
5c9e6affd867f016f8002ca1,CENTURY PROPERTIES
5c9e6affd867f016f8002ca2,DAMAC GROUP
5c9e6affd867f016f8002ca3,DOGAN GROUP
5c9e6affd867f016f8002ca4,DORYA INTERNATIONAL
5c9e6affd867f016f8002ca5,IREO
5c9e6affd867f016f8002ca6,MOS CITY GROUP
5c9e6affd867f016f8002ca7,NAKHEEL LLC
5c9e6affd867f016f8002ca8,PANCHSHIL REALTY
5c9e6affd867f016f8002ca9,TRIBECA DEVELOPERS OF MUMBAI
5c9e6affd867f016f8002caa,TRUMP MARKS MMA LLC
5c9e6affd867f016f8002cab,YUN CAPITAL
5c9e6affd867f016f8002cac,TRUMP PANAMA CONDOMINIUM MANAGEMENT LLC
5c9e6affd867f016f8002cad,TRUMP PANAMA HOTEL MANAGEMENT LLC
5c9e6affd867f016f8002cae,TRUMP PLAZA CORP.
5c9e6affd867f016f8002caf,RANCHO LIEN LLC
5c9e6affd867f016f8002cb0,TOWER MORTGAGE SERVICES LLC
5c9e6affd867f016f8002cb1,TRUMP MORTGAGE SERVICES LLC
5c9e6affd867f016f8002cb2,TRUMP RUFFIN COMMERCIAL LLC
5c9e6affd867f016f8002cb3,TRUMP SALES & LEASING CHICAGO LLC
5c9e6affd867f016f8002cb4,TRUMP INTERNATIONAL GOLF LINKS - SCOTLAND
5c9e6affd867f016f8002cb5,TRUMP TORONTO MANAGEMENT MEMBER CORP.
5c9e6affd867f016f8002cb6,TRUMP EDUCATION ULC QUEBEC
5c9e6affd867f016f8002cb7,ERIC TRUMP LAND HOLDINGS LLC
5c9e6affd867f016f8002cb8,VIRGINIA ACQUISITIONS LLC
5c9e6affd867f016f8002cb9,ERIC TRUMP WINE MANUFACTURING LLC
5c9e6affd867f016f8002cba,TRUMP WORLD PRODUCTIONS LLC
5c9e6affd867f016f8002cbb,TC MARKS BUENOS AIRES LLC
5c9e6affd867f016f8002cbc,1291 AVENUE OF THE AMERICAS A TENANCY-IN-COMMON
5c9e6affd867f016f8002cbd,UNIT 2502 ENTERPRISES LLC
5c9e6affd867f016f8002cbe,WISE PUBLIC AFFAIRS
5c9e6affd867f016f8002cbf,DLA PIPER
5c9e6affd867f016f8002cc0,IRON BRIDGE GROUP
5c9e6affd867f016f8002cc1,BLACKWATER WORLDWIDE
5c9e6affd867f016f8002cc2,BANNON FILM INDUSTRIES INC.
5c9e6affd867f016f8002cc3,4C INSIGHTS
5c9e6affd867f016f8002cc4,ALABAMA POLICY INSTITUTE
5c9e6affd867f016f8002cc5,AMERICA RISING LLC
5c9e6affd867f016f8002cc6,AMERICAN LEGACY CENTER
5c9e6affd867f016f8002cc7,AMERICANS FOR PROSPERITY
5c9e6affd867f016f8002cc8,AMPAL-AMERICAN ISRAEL CORP.
5c9e6affd867f016f8002cc9,ARIZONA HOUSE OF REPRESENTATIVES
5c9e6affd867f016f8002cca,BELEN JESUIT PREPARATORY SCHOOL
5c9e6affd867f016f8002ccb,BFPS VENTURES LLC
5c9e6affd867f016f8002ccc,CHRIS CHRISTIE FOR PRESIDENT INC.
5c9e6affd867f016f8002ccd,COMMAND CONSULTING GROUP
5c9e6affd867f016f8002cce,COMMUNICATIONS PRODUCTS INC.
5c9e6affd867f016f8002ccf,CONNECTED NATION
5c9e6affd867f016f8002cd0,COZEN O'CONNOR
5c9e6affd867f016f8002cd1,CUBIC CORPORATION
5c9e6affd867f016f8002cd2,DAVIS CLARK & BONAFONTE LLC
5c9e6affd867f016f8002cd3,DONALD J. TRUMP FOR PRESIDENT INC.
5c9e6affd867f016f8002cd4,DREXEL UNIVERSITY
5c9e6affd867f016f8002cd5,FITZPATRICK HAGOOD SMITH & UHL LLP
5c9e6affd867f016f8002cd6,FLEMING FOR LOUISIANA
5c9e6affd867f016f8002cd7,FOX FACTORY INC.
5c9e6affd867f016f8002cd8,FREEDOM PARTNERS CHAMBER OF COMMERCE
5c9e6affd867f016f8002cd9,FRIENDS OF TODD YOUNG
5c9e6affd867f016f8002cda,GARY PALMER FOR CONGRESS
5c9e6affd867f016f8002cdb,GCM GROSVENOR
5c9e6affd867f016f8002cdc,GIBSON DUNN
5c9e6affd867f016f8002cdd,GINGRICH PRODUCTIONS
5c9e6affd867f016f8002cde,HAF MEDIA LLC
5c9e6affd867f016f8002cdf,HARVARD UNIVERSITY
5c9e6affd867f016f8002ce0,HOLTZMAN VOGEL JOSEFIAK TORCHINSKY
5c9e6affd867f016f8002ce1,I360
5c9e6affd867f016f8002ce2,INGRAHAM RADIO LLC
5c9e6affd867f016f8002ce3,ISA INTERNATIONALE INC.
5c9e6affd867f016f8002ce4,JEB 2016 INC.
5c9e6affd867f016f8002ce5,JWH CONSULTING LLC
5c9e6affd867f016f8002ce6,KANSAS FOR HUELSKAMP
5c9e6affd867f016f8002ce7,KING FOR CONGRESS
5c9e6affd867f016f8002ce8,KIRK FOR SENATE
5c9e6affd867f016f8002ce9,KIRKLAND & ELLIS LLP
5c9e6affd867f016f8002cea,KS GLOBAL GROUP LLC
5c9e6affd867f016f8002ceb,MATT BEVIN FOR KENTUCKY INC.
5c9e6affd867f016f8002cec,MCCONNELL SENATE COMMITTEE '14
5c9e6affd867f016f8002ced,MIKE PENCE FOR INDIANA
5c9e6affd867f016f8002cee,NATIONAL FEDERATION OF INDEPENDENT BUSINESS
5c9e6affd867f016f8002cef,NATIONAL RIFLE ASSOCIATION
5c9e6affd867f016f8002cf0,NOELLE NIKPOUR FOR CONGRESS
5c9e6affd867f016f8002cf1,NORTH ASTOR STREET CONDO
5c9e6affd867f016f8002cf2,PARKER TIDE CORP.
5c9e6affd867f016f8002cf3,PENNSYLVANIA LEGAL AID
5c9e6affd867f016f8002cf4,PHILDELPHIA FREEDOM VALLEY YMCA
5c9e6affd867f016f8002cf5,PRIME HEALTH SERVICES
5c9e6affd867f016f8002cf6,RAND PAUL FOR PRESIDENT INC.
5c9e6affd867f016f8002cf7,REPUBLICAN NATIONAL COMMITTEE
5c9e6affd867f016f8002cf8,REPUBLICAN PARTY OF TEXAS
5c9e6affd867f016f8002cf9,RIGHT TO RISE PAC
5c9e6affd867f016f8002cfa,ROD BLUM FOR CONGRESS
5c9e6affd867f016f8002cfb,ROMNEY FOR PRESIDENT INC.
5c9e6affd867f016f8002cfc,RON JOHNSON FOR SENATE
5c9e6affd867f016f8002cfd,SOUTH FLORIDA PBS INC.
5c9e6affd867f016f8002cfe,STRATEGY INTERNATIONAL LLC
5c9e6affd867f016f8002cff,SULLIVAN FOR U.S. SENATE
5c9e6affd867f016f8002d00,TELLON EVENTS CORP.
5c9e6affd867f016f8002d01,TEXANS FOR SENATOR JOHN CORNYN
5c9e6affd867f016f8002d02,TEXAS PHILATELIC ASSOCIATION FOUNDATION INC.
5c9e6affd867f016f8002d03,TGP SECURITIES INC.
5c9e6affd867f016f8002d04,THE LIBRE INITIATIVE
5c9e6affd867f016f8002d05,THE MIAMI HERALD/EL NUEVO HERALD
5c9e6affd867f016f8002d06,TIMBER RIDGE HOMEOWNERS CORPORATION
5c9e6affd867f016f8002d07,TOM ROONEY FOR CONGRESS
5c9e6affd867f016f8002d08,TOWNSEND PUBLIC AFFAIRS
5c9e6affd867f016f8002d09,TTT CONSULTING LLC
5c9e6affd867f016f8002d0a,ULTIMATE FIGHTING CHAMPIONSHIP
5c9e6affd867f016f8002d0b,UNIVERSITY OF CALIFORNIA - IRVINE
5c9e6affd867f016f8002d0c,UNIVISION
5c9e6affd867f016f8002d0d,VOGELHOOD RESEARCH
5c9e6affd867f016f8002d0e,YELLOWHAMMER MULTIMEDIA
5c9e6affd867f016f8002d0f,YELLOWHAMMER STRATEGIES
5c9e6affd867f016f8002d10,AARON SCHOCK
5c9e6affd867f016f8002d11,ALEXANDER NIX
5c9e6affd867f016f8002d12,ALLEN WEISSELBERG
5c9e6affd867f016f8002d13,ANAR MAMMADOV
5c9e6affd867f016f8002d14,ANDREW BREMBERG
5c9e6affd867f016f8002d15,ANDY PUZDER
5c9e6affd867f016f8002d16,ANTHONY SCARAMUCCI
5c9e6affd867f016f8002d17,AVRAM LEBOR
5c9e6affd867f016f8002d18,BEN CARSON
5c9e6affd867f016f8002d19,BENY STEINMETZ
5c9e6affd867f016f8002d1a,BILL STEPIEN
5c9e6affd867f016f8002d1b,CARTER PAGE
5c9e6affd867f016f8002d1c,CHARLES KUSHNER
5c9e6affd867f016f8002d1d,CHLOE MURDOCH
5c9e6affd867f016f8002d1e,CHRIS CHRISTIE
5c9e6affd867f016f8002d1f,DANIEL RIDLOFF
5c9e6affd867f016f8002d20,DAVID H. KOCH
5c9e6affd867f016f8002d21,DAVID S. CORDISH
5c9e6affd867f016f8002d22,DON MCGAHN
5c9e6affd867f016f8002d23,DONALD J. TRUMP
5c9e6affd867f016f8002d24,DONALD TRUMP JR.
5c9e6affd867f016f8002d25,ELAINE CHAO
5c9e6affd867f016f8002d26,ELTON MAMMADOV
5c9e6affd867f016f8002d27,ELVIRA KUDRYASHOVA
5c9e6affd867f016f8002d28,EMIN AGALAROV
5c9e6affd867f016f8002d29,ERIC HOLCOMB
5c9e6affd867f016f8002d2a,ERIC TRUMP
5c9e6affd867f016f8002d2b,ERIK PRINCE
5c9e6affd867f016f8002d2c,FELIX SATER
5c9e6affd867f016f8002d2d,GEORGE SOROS
5c9e6affd867f016f8002d2e,GEORGE T. CONWAY III
5c9e6affd867f016f8002d2f,GRACE MURDOCH
5c9e6affd867f016f8002d30,ILYAS KHRAPUNOV
5c9e6affd867f016f8002d31,IVANKA TRUMP
5c9e6affd867f016f8002d32,JAMES S.C. CHAO
5c9e6affd867f016f8002d33,JARED KUSHNER
5c9e6affd867f016f8002d34,JEFF SESSIONS
5c9e6affd867f016f8002d35,JOSE E.B. ANTONIO
5c9e6affd867f016f8002d36,JOSEPH MEYER
5c9e6affd867f016f8002d37,JOSHUA KUSHNER
5c9e6affd867f016f8002d38,LEV LEVIEV
5c9e6affd867f016f8002d39,LUCIUS JOSEPH RICCIO
5c9e6affd867f016f8002d3a,MARC SHORT
5c9e6affd867f016f8002d3b,MARK BURNETT
5c9e6affd867f016f8002d3c,MARYANNE TRUMP BARRY
5c9e6affd867f016f8002d3d,MATTHEW CALAMARI
5c9e6affd867f016f8002d3e,MATTHEW GRISWOLD BEVIN
5c9e6affd867f016f8002d3f,MEHMET ALI YALCINDAG
5c9e6affd867f016f8002d40,MELANIA TRUMP
5c9e6affd867f016f8002d41,MICHAEL FASCITELLI
5c9e6affd867f016f8002d42,MICHELLE BACHMANN
5c9e6affd867f016f8002d43,MICK MULVANEY
5c9e6affd867f016f8002d44,MIKE PENCE
5c9e6affd867f016f8002d45,MITCH MCCONNELL
5c9e6affd867f016f8002d46,NICOLAS SARKOZY
5c9e6affd867f016f8002d47,NICOLE KUSHNER MEYER
5c9e6affd867f016f8002d48,NIGEL FARAGE
5c9e6affd867f016f8002d49,OMAROSÉ ONEE MANIGAULT
5c9e6affd867f016f8002d4a,PAUL MANAFORT
5c9e6affd867f016f8002d4b,RAZ STEINMETZ
5c9e6affd867f016f8002d4c,REBEKAH MERCER
5c9e6affd867f016f8002d4d,REINCE PRIEBUS
5c9e6affd867f016f8002d4e,REX TILLERSON
5c9e6affd867f016f8002d4f,RHONA GRAFF RICCIO
5c9e6affd867f016f8002d50,RICHARD DEVOS
5c9e6affd867f016f8002d51,RICHARD GOETTLICH
5c9e6affd867f016f8002d52,RICHARD MARVIN "DICK" DEVOS JR.
5c9e6affd867f016f8002d53,RICK PERRY
5c9e6affd867f016f8002d54,RICK SNYDER
5c9e6affd867f016f8002d55,ROBERT LIGHTHIZER
5c9e6affd867f016f8002d56,ROBERT MERCER
5c9e6affd867f016f8002d57,ROGER J. STONE JR.
5c9e6affd867f016f8002d58,RUDY GIULIANI
5c9e6affd867f016f8002d59,RUPERT MURDOCH
5c9e6affd867f016f8002d5a,SALLY PRIEBUS
5c9e6affd867f016f8002d5b,SAM BROWNBACK
5c9e6affd867f016f8002d5c,SCOTT PRUITT
5c9e6affd867f016f8002d5d,SERGEI MILLIAN
5c9e6affd867f016f8002d5e,SERGEY KISLYAK
5c9e6affd867f016f8002d5f,SERYL KUSHNER
5c9e6affd867f016f8002d60,SETYA NOVANTO
5c9e6affd867f016f8002d61,SHANNON MCGAHN
5c9e6affd867f016f8002d62,SONNY PERDUE
5c9e6affd867f016f8002d63,STEPHEN B. MEISTER
5c9e6affd867f016f8002d64,STEPHEN BANNON
5c9e6affd867f016f8002d65,STEPHEN MILLER
5c9e6affd867f016f8002d66,STEVEN MNUCHIN
5c9e6affd867f016f8002d67,SUSAN POMPEO
5c9e6affd867f016f8002d68,TERRY BRANSTAD
5c9e6affd867f016f8002d69,TIAH JOO KIM
5c9e6affd867f016f8002d6a,VLADIMIR PUTIN
5c9e6affd867f016f8002d6b,W.E.“ED” BOSARGE
5c9e6affd867f016f8002d6c,WELLS GRIFFITH
5c9e6affd867f016f8002d6d,WENDI DENG MURDOCH
5c9e6affd867f016f8002d6e,WILBUR ROSS
5c9e6affd867f016f8002d6f,WILLIAM I. KOCH
5c9e6affd867f016f8002d70,WU XIAOHUI
5c9e6affd867f016f8002d71,YOUSEF AL-OTAIBA
5c9e6affd867f016f8002d72,ANNIE DONALDSON
5c9e6affd867f016f8002d73,BRAD PARSCALE
5c9e6affd867f016f8002d74,JACK WEISSELBERG
5c9e6affd867f016f8002d75,ZIYA MAMMADOV
5c9e6affd867f016f8002d76,MIKE FERGUSON
5c9e6affd867f016f8002d77,SCOTT WALKER
5c9e6affd867f016f8002d78,WILLIAM P. FOLEY
5c9e6affd867f016f8002d79,KIRILL DMITRIEV
5c9e6affd867f016f8002d7a,BARRY BENNETT
5c9e6affd867f016f8002d7b,DANIEL STEINMETZ
5c9e6affd867f016f8002d7c,KEVIN MARINO
5c9e6affd867f016f8002d7d,ALAN HAMMER
5c9e6affd867f016f8002d7e,BENJAMIN NETANYAHU
5c9e6affd867f016f8002d7f,DARA ORBACH
5c9e6affd867f016f8002d80,ESTHER KUSHNER
5c9e6affd867f016f8002d81,JIM MCGREEVEY
5c9e6affd867f016f8002d82,MURRAY KUSHNER
5c9e6affd867f016f8002d83,DAVID WILDSTEIN
5c9e6affd867f016f8002d84,CHARLES G. KOCH
5c9e6affd867f016f8002d85,REED S. CORDISH
5c9e6affd867f016f8002d86,BLAKE DELAPLANE
5c9e6affd867f016f8002d87,DAVID MORRELL
5c9e6affd867f016f8002d88,GREG KATSAS
5c9e6affd867f016f8002d89,JAMES BURNHAM
5c9e6affd867f016f8002d8a,ADO MACHIDA
5c9e6affd867f016f8002d8b,AJIT PAI
5c9e6affd867f016f8002d8c,ALEX SHNAIDER
5c9e6affd867f016f8002d8d,ALEXANDER ACOSTA
5c9e6affd867f016f8002d8e,ALEXANDER ANGELSON
5c9e6affd867f016f8002d8f,ALEXANDER GRAY
5c9e6affd867f016f8002d90,ANDELIZ CASTILLO
5c9e6affd867f016f8002d91,ANDREW D. KOENIG
5c9e6affd867f016f8002d92,ARAS AGALAROV
5c9e6affd867f016f8002d93,ASHLEY MARQUIS
5c9e6affd867f016f8002d94,BEN HOWARD
5c9e6affd867f016f8002d95,BETHANY SCULLY
5c9e6affd867f016f8002d96,BETSY DEVOS
5c9e6affd867f016f8002d97,BILL MCGINLEY
5c9e6affd867f016f8002d98,BORIS EPSHTEYN
5c9e6affd867f016f8002d99,BRIAN BAUDREAU
5c9e6affd867f016f8002d9a,BRIAN BURNS
5c9e6affd867f016f8002d9b,CARL C. ICAHN
5c9e6affd867f016f8002d9c,CARLOS DIAZ-ROSILLO
5c9e6affd867f016f8002d9d,CHRISTINE CICCONE
5c9e6affd867f016f8002d9e,CHRISTOPHER RUDDY
5c9e6affd867f016f8002d9f,CINDY SIMMS
5c9e6affd867f016f8002da0,CLIFF SIMS
5c9e6affd867f016f8002da1,COREY LEWANDOWSKI
5c9e6affd867f016f8002da2,CURTIS DUBAY
5c9e6affd867f016f8002da3,DAN COATS
5c9e6affd867f016f8002da4,DAN SCAVINO
5c9e6affd867f016f8002da5,DAVID M. FRIEDMAN
5c9e6affd867f016f8002da6,DAVID SHULKIN
5c9e6affd867f016f8002da7,DINA POWELL
5c9e6affd867f016f8002da8,EDWIN FEULNER
5c9e6affd867f016f8002da9,EDWIN MEESE
5c9e6affd867f016f8002daa,ELENA GORLOVA
5c9e6affd867f016f8002dab,ELON MUSK
5c9e6affd867f016f8002dac,ERIC UELAND
5c9e6affd867f016f8002dad,FELIPE YARYURA
5c9e6affd867f016f8002dae,GARY COHN
5c9e6affd867f016f8002daf,GEORGE E. NORCROSS III
5c9e6affd867f016f8002db0,GEORGE GIGICOS
5c9e6affd867f016f8002db1,GERRIT LANSING
5c9e6affd867f016f8002db2,GINNI ROMETTY
5c9e6affd867f016f8002db3,HELEN FERRE
5c9e6affd867f016f8002db4,HOPE HICKS
5c9e6affd867f016f8002db5,IKE PERLMUTTER
5c9e6affd867f016f8002db6,INDRA NOOYI
5c9e6affd867f016f8002db7,JAMES MATTIS
5c9e6affd867f016f8002db8,JAMES SCHULTZ
5c9e6affd867f016f8002db9,JAMES SHERK
5c9e6affd867f016f8002dba,JAMIE DIMON
5c9e6affd867f016f8002dbb,JARROD P. AGEN
5c9e6affd867f016f8002dbc,JASON D. GREENBLATT
5c9e6affd867f016f8002dbd,JASON D. MEISTER
5c9e6affd867f016f8002dbe,JENNIFER KORN
5c9e6affd867f016f8002dbf,JEREMY KATZ
5c9e6affd867f016f8002dc0,JESSICA DITTO
5c9e6affd867f016f8002dc1,JOE HAGIN
5c9e6affd867f016f8002dc2,JOHN DESTEFANO
5c9e6affd867f016f8002dc3,JOHN EISENBERG
5c9e6affd867f016f8002dc4,JOHN F. KELLY
5c9e6affd867f016f8002dc5,JOHN GRAY
5c9e6affd867f016f8002dc6,JOHN MCENTEE
5c9e6affd867f016f8002dc7,JOSEPH HAGIN
5c9e6affd867f016f8002dc8,JOSEPH KELLOGG
5c9e6affd867f016f8002dc9,JOSEPH LAI
5c9e6affd867f016f8002dca,JOYCE MEYER
5c9e6affd867f016f8002dcb,JULIA HAHN
5c9e6affd867f016f8002dcc,JUSTIN CLARK
5c9e6affd867f016f8002dcd,KALPESH MEHTA
5c9e6affd867f016f8002dce,KATHLEEN TROIA MCFARLAND
5c9e6affd867f016f8002dcf,KATHRYN TALENTO
5c9e6affd867f016f8002dd0,KEITH SCHILLER
5c9e6affd867f016f8002dd1,KELLYANNE CONWAY
5c9e6affd867f016f8002dd2,LINDA BEAN
5c9e6affd867f016f8002dd3,LINDA MCMAHON
5c9e6affd867f016f8002dd4,LINDSAY WALTERS
5c9e6affd867f016f8002dd5,MADELEINE WESTERHOUT
5c9e6affd867f016f8002dd6,MANGAL PRABHAT LODHA
5c9e6affd867f016f8002dd7,MARC E. KASOWITZ
5c9e6affd867f016f8002dd8,MARC LOTTER
5c9e6affd867f016f8002dd9,MARY T. BARRA
5c9e6affd867f016f8002dda,MICHAEL D. COHEN
5c9e6affd867f016f8002ddb,MICHAEL FLYNN
5c9e6affd867f016f8002ddc,MICHAEL J. ELLIS
5c9e6affd867f016f8002ddd,MICHAEL POMPEO
5c9e6affd867f016f8002dde,MIKE BASELICE
5c9e6affd867f016f8002ddf,NEWT GINGRICH
5c9e6affd867f016f8002de0,NIKKI HALEY
5c9e6affd867f016f8002de1,NOEL FRANCISCO
5c9e6affd867f016f8002de2,OLEG MISERVA
5c9e6affd867f016f8002de3,PAUL TELLER
5c9e6affd867f016f8002de4,PAUL WINFREE
5c9e6affd867f016f8002de5,PETER NAVARRO
5c9e6affd867f016f8002de6,PETER THIEL
5c9e6affd867f016f8002de7,PHIL RUFFIN
5c9e6affd867f016f8002de8,PRINCE ALWALEED BIN TALALTHE
5c9e6affd867f016f8002de9,RAJ SHAH
5c9e6affd867f016f8002dea,RECEP TAYYIP ERDOGAN
5c9e6affd867f016f8002deb,RICHARD LEFRAK
5c9e6affd867f016f8002dec,RICK DEARBORN
5c9e6affd867f016f8002ded,ROBERT A. IGER
5c9e6affd867f016f8002dee,ROBERT GOAD
5c9e6affd867f016f8002def,ROBERT KRAFT
5c9e6affd867f016f8002df0,ROGER KHAFIF
5c9e6affd867f016f8002df1,ROSS WORTHINGTON
5c9e6affd867f016f8002df2,RUSS VOUGHT
5c9e6affd867f016f8002df3,RYAN JARMULA
5c9e6affd867f016f8002df4,RYAN ZINKE
5c9e6affd867f016f8002df5,SAM CLOVIS
5c9e6affd867f016f8002df6,SAM NUNBERG
5c9e6affd867f016f8002df7,SARAH MAKIN
5c9e6affd867f016f8002df8,SCOTT GAST
5c9e6affd867f016f8002df9,SEAN CAIRNCROSS
5c9e6affd867f016f8002dfa,SEAN HANNITY
5c9e6affd867f016f8002dfb,SEAN SPICER
5c9e6affd867f016f8002dfc,SEBASTIAN GORKA
5c9e6affd867f016f8002dfd,SERGEY I. KISLYAK
5c9e6affd867f016f8002dfe,SHAHIRA KNIGHT
5c9e6affd867f016f8002dff,SHERI A. DILLON
5c9e6affd867f016f8002e00,STEPHANIE GRISHAM
5c9e6affd867f016f8002e01,STEPHEN A. FEINBERG
5c9e6affd867f016f8002e02,STEPHEN A. SCHWARZMAN
5c9e6affd867f016f8002e03,STEPHEN MUNISTERI
5c9e6affd867f016f8002e04,STEVEN N. CHEUNG
5c9e6affd867f016f8002e05,STEVEN ROTH
5c9e6affd867f016f8002e06,THOMAS J. BARRACK JR.
5c9e6affd867f016f8002e07,THOMAS PYLE
5c9e6affd867f016f8002e08,TIMOTHY PATAKI
5c9e6affd867f016f8002e09,TOM BOSSERT
5c9e6affd867f016f8002e0a,TOM PRICE
5c9e6affd867f016f8002e0b,TRAVIS KALANICK
5c9e6affd867f016f8002e0c,UTTAM DHILLON
5c9e6affd867f016f8002e0d,VICTOR PINCHUK
5c9e6affd867f016f8002e0e,VINCE HALEY
5c9e6affd867f016f8002e0f,WALTER J. "JAY" CLAYTON III
5c9e6affd867f016f8002e10,ANDRIY ZAIKA
5c9e6affd867f016f8002e11,BERNARD R. DIAMOND
5c9e6affd867f016f8002e12,BONNIE HAYDON
5c9e6affd867f016f8002e13,RUSSELL FLICKER
5c9e6affd867f016f8002e14,VANESSA TRUMP
5c9e6affd867f016f8002e15,VIKTOR TKACHUK
5c9e6affd867f016f8002e16,ANGELA CHAO
5c9e6affd867f016f8002e17,CHRISTINE CHAO
5c9e6affd867f016f8002e18,VIKTOR KHRAPUNOV
5c9e6affd867f016f8002e19,PAULO FIGUEIREDO FILHO
5c9e6affd867f016f8002e1a,ASHER ABEHSERA
5c9e6affd867f016f8002e1b,AVRAHM BERKOWITZ
5c9e6affd867f016f8002e1c,CUI TIANKAI
5c9e6affd867f016f8002e1d,JUSTIN WENIGER
5c9e6affd867f016f8002e1e,MARGARET CHIN
5c9e6affd867f016f8002e1f,MARTIN SORRELL
5c9e6affd867f016f8002e20,MILES BERGER
5c9e6affd867f016f8002e21,ROB SPEYER
5c9e6affd867f016f8002e22,RYAN DOHERTY
5c9e6affd867f016f8002e23,STRAUSS ZELNICK
5c9e6affd867f016f8002e24,GARRETT MURCH
5c9e6affd867f016f8002e25,JOHN GORE
5c9e6affd867f016f8002e26,JOHN KYL
5c9e6affd867f016f8002e27,MICHAEL MURRAY
5c9e6affd867f016f8002e28,THOMAS E. WHEELER
5c9e6affd867f016f8002e29,JOSE ROBERTO "ROBBIE" ANTONIO
5c9e6affd867f016f8002e2a,ROMA DOWNEY
5c9e6affd867f016f8002e2b,MATTHEW CALAMARI JR.
5c9e6affd867f016f8002e2c,AYDIN DOGAN
5c9e6affd867f016f8002e2d,LINDSEY REYNOLDS
5c9e6affd867f016f8002e2e,STEPHANIE WINSTON WOLKOFF
5c9e6affd867f016f8002e2f,PAM MULVANEY
5c9e6affd867f016f8002e30,JEN PAVLIK
5c9e6affd867f016f8002e31,JOSH PITCOCK
5c9e6affd867f016f8002e32,MARTY OBST
5c9e6affd867f016f8002e33,NICK AYERS
5c9e6affd867f016f8002e34,ALBERT ROSS SR.
5c9e6affd867f016f8002e35,H. B. HICKS
5c9e6affd867f016f8002e36,ABDUL RAHMAN AL-ASSIR
5c9e6affd867f016f8002e37,ARTHUR G. COHEN
5c9e6affd867f016f8002e38,DMITRY FIRTASH
5c9e6affd867f016f8002e39,DMYTRO FIRTASH
5c9e6affd867f016f8002e3a,RINAT AKHMETOV
5c9e6affd867f016f8002e3b,SERHIY LYOVOCHKIN
5c9e6affd867f016f8002e3c,VIKTOR F. YANUKOVYCH
5c9e6affd867f016f8002e3d,SYLVAIN MIROCHNIKOFF
5c9e6affd867f016f8002e3e,KATIE WALSH
5c9e6affd867f016f8002e3f,MALLORY HUNTER
5c9e6affd867f016f8002e40,ALEXANDER NOVAK
5c9e6affd867f016f8002e41,IGOR SECHIN
5c9e6affd867f016f8002e42,ANITA THIGPEN PERRY
5c9e6affd867f016f8002e43,PETER HOLT
5c9e6affd867f016f8002e44,BOB DOLE
5c9e6affd867f016f8002e45,PATRICK CADDELL
5c9e6affd867f016f8002e46,JULIAN ASSANGE
5c9e6affd867f016f8002e47,KEN KURSON
5c9e6affd867f016f8002e48,HAROLD G. HAMM
5c9e6affd867f016f8002e49,YURY ZAYTSEV
5c9e6affd867f016f8002e4a,HARY TANOESOEDIBJO
5c9e6affd867f016f8002e4b,STEPHEN VADEN
5c9e6affd867f016f8002e4c,JENNIFER MERCER
5c9e6affd867f016f8002e4d,CAROLINE MAY
5c9e6affd867f016f8002e4e,DAVID HOROWITZ
5c9e6affd867f016f8002e4f,TUCKER CARLSON
5c9e6affd867f016f8002e50,EDWARD LAMPERT
5c9e6affd867f016f8002e51,XI JINPING
5c9e6affd867f016f8002e52,TONY TIAH THEE KIAN
5c9e6affd867f016f8002e53,CATHERINE BRAY GRIFFITH
5c9e6affd867f016f8002e54,JAMES UTHMEIER
5c9e6affd867f016f8002e55,ZHUO RAN
5c9e6affd867f016f8002e56,SHLOMO MEICHOR
5c9e6affd867f016f8002e57,BOB PADUCHIK
5c9e6affd867f016f8002e58,JOHN FLEMING
5c9e6affd867f016f8002e59,ASSI AREV
5c9e6affd867f016f8002e5a,GARY PALMER
5c9e6affd867f016f8002e5b,JEB BUSH
5c9e6affd867f016f8002e5c,STEVE KING
5c9e6affd867f016f8002e5d,NOELLE NIKPOUR
5c9e6affd867f016f8002e5e,ANTHONY W. PARKER
5c9e6affd867f016f8002e5f,RAND PAUL
5c9e6affd867f016f8002e60,JAY WILSON HAAS JR.
5c9e6affd867f016f8002e61,RYAN ADDISON WILLIAMS
5c9e6affd867f016f8002e62,RONNA MCDANIEL
5c9e6affd867f016f8002e63,ROD BLUM
5c9e6affd867f016f8002e64,RONALD HAROLD JOHNSON
5c9e6affd867f016f8002e65,ABIGAIL KLEM
5c9e6affd867f016f8002e66,DAN SULLIVAN
5c9e6affd867f016f8002e67,JOHN CORYN
