AARON SCHOCK,Provided legal services for,ANNIE DONALDSON,https://www.documentcloud.org/documents/3534049-Donaldson-Ann.html
AARON SCHOCK,McGahn provided legal services for Schock,DON MCGAHN,https://www.documentcloud.org/documents/3535093-McGahn-Donald-F.html
ALEXANDER NIX,Pascale says he hired Nix's company Cambridge Analytica to work on the campaign,BRAD PARSCALE,https://www.washingtonpost.com/politics/trumps-plan-for-a-comeback-includes-building-a-psychographic-profile-of-every-voter/2016/10/27/9064a706-9611-11e6-9b7c-57290af48a49_story.html?utm_term=.ec091285ddc0
ALLEN WEISSELBERG,Parent/child,JACK WEISSELBERG,https://www.nytimes.com/2016/05/24/business/dealbook/donald-trump-relationship-bankers.html?_r=0
ANAR MAMMADOV,Parent/child,ZIYA MAMMADOV,https://www.meydan.tv/en/site/politics/13787/
ANDREW BREMBERG,Bremberg "is a lifelong friend" of Ferguson a former U.S. House representative per Stat,MIKE FERGUSON,https://www.statnews.com/2016/11/15/trump-influencers-health-care/
ANDREW BREMBERG,Policy advisor and counsel on nominations,MITCH MCCONNELL,https://www.linkedin.com/in/andrew-bremberg-7170938
ANDREW BREMBERG,Policy director for Walker's campaign,SCOTT WALKER,http://www.modernhealthcare.com/article/20161111/NEWS/161119989?utm_source=modernhealthcare&utm_medium=email&utm_content=20161111-NEWS-161119989&utm_campaign=mh-alert
ANDY PUZDER,Worked together on deal to turn around debts of Carl's Jr. founder which was a major success in Puzder's career,WILLIAM P. FOLEY,http://www.insidesources.com/meet-the-fast-food-ceo-trump-picked-as-labor-secretary/
ANTHONY SCARAMUCCI,Met at Davos,KIRILL DMITRIEV,https://www.bloomberg.com/politics/articles/2017-01-17/in-davos-trump-aide-talks-deals-with-sanctioned-kremlin-fund
AVRAM LEBOR,Kushner hired him for his real estate company,JARED KUSHNER,https://www.bloomberg.com/news/features/2017-01-27/jared-kushner-s-felon-father-brought-two-fellow-inmates-into-company
BEN CARSON,Bennet was Carson's presidential campaign manager,BARRY BENNETT,https://www.washingtonpost.com/news/post-politics/wp/2016/01/22/former-carson-campaign-manager-barry-bennett-is-quietly-advising-trumps-top-aides/?utm_term=.795d808dc8d2
BENY STEINMETZ,Siblings,DANIEL STEINMETZ,https://www.bloomberg.com/news/articles/2017-04-26/kushners-are-partners-with-one-of-israel-s-wealthiest-families
BILL STEPIEN,Marino served as Stepien's attorney during the Bridgegate trial,KEVIN MARINO,http://www.politico.com/story/2017/01/bill-stepien-donald-trump-christie-233199
CARTER PAGE,Foreign policy adviser,DONALD J. TRUMP,General knowledge
CHARLES KUSHNER,"has long worked with" Kushner per New York Magazine,ALAN HAMMER,http://nymag.com/daily/intelligencer/2017/01/jared-kushner-trump-administration-power.html
CHARLES KUSHNER,Longtime family friends per Reuters,BENJAMIN NETANYAHU,http://www.reuters.com/article/us-usa-trump-israel-scene-idUSKBN15U2PA
CHARLES KUSHNER,Parent/child,DARA ORBACH,http://www.townandcountrymag.com/society/politics/news/a9244/charles-jared-kushner-family/
CHARLES KUSHNER,Siblings,ESTHER KUSHNER,http://nymag.com/daily/intelligencer/2017/01/jared-kushner-trump-administration-power.html
CHARLES KUSHNER,"the financial force" behind the former governor's campaign per New York Magazine,JIM MCGREEVEY,http://nymag.com/daily/intelligencer/2017/01/jared-kushner-trump-administration-power.html
CHARLES KUSHNER,Parent/child,JOSHUA KUSHNER,General knowledge
CHARLES KUSHNER,Siblings,MURRAY KUSHNER,http://nymag.com/daily/intelligencer/2017/01/jared-kushner-trump-administration-power.html
CHARLES KUSHNER,Parent/child,NICOLE KUSHNER MEYER,http://www.townandcountrymag.com/society/politics/news/a9244/charles-jared-kushner-family/
CHARLES KUSHNER,Married,SERYL KUSHNER,http://www.townandcountrymag.com/society/politics/news/a9244/charles-jared-kushner-family/
CHLOE MURDOCH,Former trustee,IVANKA TRUMP,https://www.ft.com/content/a615f0ce-ed90-11e6-930f-061b01e23655
CHRIS CHRISTIE,Former deputy chief of staff,BILL STEPIEN,http://www.politico.com/story/2017/01/bill-stepien-donald-trump-christie-233199
CHRIS CHRISTIE,Christie and Wildstein went to high school together and Christie appointed Wildstein to a director position at the Port Authority,DAVID WILDSTEIN,http://nymag.com/daily/intelligencer/2016/09/david-wildstein-chris-christie-bridgegate-trial.html
DANIEL RIDLOFF,Ridloff "agreed to serve as [a director] of a company through which [Kudryashova] would pour $3m into a business venture as part of her efforts to secure a US investor visa" per the Financial Times,ELVIRA KUDRYASHOVA,https://www.ft.com/content/33285dfa-9231-11e6-8df8-d3778b55a923
DAVID H. KOCH,Siblings,CHARLES G. KOCH,http://www.forbes.com/profile/koch/
DAVID S. CORDISH,Parent/child,REED S. CORDISH,http://www.baltimoresun.com/news/maryland/politics/blog/bal-reed-cordish-to-join-trump-administration-20170105-story.html
DON MCGAHN,Special Counsel to the President Chief of Staff to the White House Counsel,ANNIE DONALDSON,http://www.jonesday.com/jones-day-lawyers-tapped-for-federal-and-state-posts-01-20-2017/
DON MCGAHN,Special assistant to the White House Counsel,BLAKE DELAPLANE,http://www.jonesday.com/jones-day-lawyers-tapped-for-federal-and-state-posts-01-20-2017/
DON MCGAHN,Associate Counsel to the President,DAVID MORRELL,http://www.jonesday.com/jones-day-lawyers-tapped-for-federal-and-state-posts-01-20-2017/
DON MCGAHN,Deputy Counsel to the President,GREG KATSAS,http://www.jonesday.com/jones-day-lawyers-tapped-for-federal-and-state-posts-01-20-2017/
DON MCGAHN,Senior associate counsel,JAMES BURNHAM,http://www.jonesday.com/jones-day-lawyers-tapped-for-federal-and-state-posts-01-20-2017/
DONALD J. TRUMP,Director of policy implementation for Trump transition team,ADO MACHIDA,http://www.cnn.com/2016/11/10/politics/donald-trump-transition-drain-the-swamp/ | https://www.linkedin.com/in/ado-machida-68a9a64
DONALD J. TRUMP,Appointed chairman of the Federal Communications Commission,AJIT PAI,http://www.usatoday.com/story/tech/news/2017/01/23/new-fcc-chairman-ajit-pai-no-net-neutrality-fan/96967372/
DONALD J. TRUMP,"Trump’s primary partner for his lucrative business in Canada" per Newsweek,ALEX SHNAIDER,http://www.newsweek.com/2016/09/23/donald-trump-foreign-business-deals-national-security-498081.html
DONALD J. TRUMP,Nominee for Labor Secretary,ALEXANDER ACOSTA,http://abcnews.go.com/Politics/alexander-acosta-trumps-labor-secretary-nominee/story?id=45541559
DONALD J. TRUMP,Special assistant,ALEXANDER ANGELSON,https://www.documentcloud.org/documents/3534231-Angelson-Alexander.html
DONALD J. TRUMP,Special assistant,ALEXANDER GRAY,https://www.documentcloud.org/documents/3534083-Gray-Alexander.html
DONALD J. TRUMP,Worked on presidential campaign. May continue work for the administration.,ALEXANDER NIX,https://www.theguardian.com/us-news/2016/nov/23/donald-trump-cambridge-analytica-steve-bannon
DONALD J. TRUMP,"One of Donald Trump's longtime confidants" per the Wall Street Journal,ALLEN WEISSELBERG,http://blogs.wsj.com/cfo/2016/11/05/donald-trumps-loyal-numbers-man/
DONALD J. TRUMP,Special assistant,ANDELIZ CASTILLO,https://www.documentcloud.org/documents/3534453-Castillo-Andeliz.html
DONALD J. TRUMP,Domestic policy advisor,ANDREW BREMBERG,General knowledge
DONALD J. TRUMP,Special assistant,ANDREW D. KOENIG,https://www.documentcloud.org/documents/3534057-Koenig-Andrew-D.html
DONALD J. TRUMP,Former nominee for Secretary of Labor,ANDY PUZDER,General knowledge
DONALD J. TRUMP,Considered for senior adviser to the President position,ANTHONY SCARAMUCCI,https://mobile.nytimes.com/2017/02/01/us/politics/anthony-scaramucci-china-trump-administration.html
DONALD J. TRUMP,The billionaire real estate developer says he befriended Trump and also has served as a liaison between Trump and Putin,ARAS AGALAROV,https://www.washingtonpost.com/politics/inside-trumps-financial-ties-to-russia-and-his-unusual-flattery-of-vladimir-putin/2016/06/17/dbdcaac8-31a6-11e6-8ff7-7b6c1998b7a0_story.html | http://www.forbes.com/profile/aras-agalarov/
DONALD J. TRUMP,Chief of staff of the National Economic Council,ASHLEY MARQUIS,https://www.documentcloud.org/documents/3534134-Marquis-Ashley.html
DONALD J. TRUMP,"Informal advisor to the Donald Trump campaign" per the Washington Post,BARRY BENNETT,https://www.washingtonpost.com/news/post-politics/wp/2016/01/22/former-carson-campaign-manager-barry-bennett-is-quietly-advising-trumps-top-aides/?utm_term=.795d808dc8d2
DONALD J. TRUMP,Secretary of HUD,BEN CARSON,General knowledge
DONALD J. TRUMP,Special assistant,BEN HOWARD,https://www.documentcloud.org/documents/3534135-Howard-Benjamin.html
DONALD J. TRUMP,Special assistant,BETHANY SCULLY,https://www.documentcloud.org/documents/3534336-Scully-Bethany.html
DONALD J. TRUMP,Secretary of Education,BETSY DEVOS,General knowledge
DONALD J. TRUMP,Deputy assistant,BILL MCGINLEY,http://www.jonesday.com/jones-day-lawyers-tapped-for-federal-and-state-posts-01-20-2017/
DONALD J. TRUMP,White House political director,BILL STEPIEN,http://www.cnn.com/2017/01/04/politics/bill-stepien-chris-christie-donald-trump-white-house/
DONALD J. TRUMP,Assistant director of communications,BORIS EPSHTEYN,https://www.documentcloud.org/documents/3534046-Epshteyn-Boris.html
DONALD J. TRUMP,Former digital director for Trump campaign,BRAD PARSCALE,http://www.politico.com/story/2017/01/new-pro-trump-political-group-readies-for-launch-233263
DONALD J. TRUMP,Former driver,BRIAN BAUDREAU,https://www.nytimes.com/2016/12/25/us/politics/trump-organization-business.html?_r=0
DONALD J. TRUMP,Ambassador to Ireland,BRIAN BURNS,https://www.bostonglobe.com/news/politics/2017/01/11/donald-trump-taps-mar-lago-pal-with-massachusetts-ties-for-irish-ambassador-brian-burns/Jt2g5aX1CeVvA3O4RbrDMN/story.html
DONALD J. TRUMP,Special advisor,CARL C. ICAHN,http://fortune.com/2016/12/21/donald-trump-carl-icahn-special-adviser-regulations/
DONALD J. TRUMP,Deputy assistant,CARLOS DIAZ-ROSILLO,https://www.documentcloud.org/documents/3534022-Diaz-Rosillo-Carlos.html
DONALD J. TRUMP,Former leader of the presidential transition team,CHRIS CHRISTIE,https://www.nytimes.com/2017/04/22/us/politics/donald-trump-white-house.html?_r=1
DONALD J. TRUMP,"Leader" in the transition team per CNN,CHRISTINE CICCONE,http://www.cnn.com/2016/11/10/politics/donald-trump-transition-drain-the-swamp/
DONALD J. TRUMP,"One of Trump's longtime friends" according to the Washington Post,CHRISTOPHER RUDDY,https://www.washingtonpost.com/news/powerpost/wp/2017/02/12/trump-friend-says-priebus-is-in-way-over-his-head/ | http://www.politico.com/story/2017/02/donald-trump-challenges-governing-presidency-234879
DONALD J. TRUMP,Special assistant,CINDY SIMMS,https://www.documentcloud.org/documents/3534338-Simms-Cindy.html
DONALD J. TRUMP,Director of White House message strategy,CLIFF SIMS,https://www.documentcloud.org/documents/3534339-Sims-Cliff.html
DONALD J. TRUMP,Former campaign manager,COREY LEWANDOWSKI,http://www.politico.com/blogs/on-media/2017/01/corey-lewandowski-joins-conservative-news-network-as-commentator-233559
DONALD J. TRUMP,Part of Treasury Department transition team,CURTIS DUBAY,http://thehill.com/policy/finance/307066-trump-taps-economists-investors-for-transition-team
DONALD J. TRUMP,Director of National Intelligence,DAN COATS,General knowledge
DONALD J. TRUMP,Director of Social Media White House,DAN SCAVINO,https://www.documentcloud.org/documents/3535097-Scavino-Dan.html
DONALD J. TRUMP,Ambassador designate to Israel,DAVID M. FRIEDMAN,https://www.nytimes.com/2017/02/11/us/politics/jared-kushner-israel.html?smid=tw-nytimesworld&smtyp=cur&_r=1
DONALD J. TRUMP,Friends,DAVID S. CORDISH,http://www.baltimoresun.com/news/maryland/politics/blog/bal-reed-cordish-to-join-trump-administration-20170105-story.html
DONALD J. TRUMP,Secretary of Veterans Affairs,DAVID SHULKIN,http://www.usnews.com/news/national-news/articles/2017-02-09/10-things-you-didnt-know-about-david-shulkin
DONALD J. TRUMP,Assistant to the president and senior counselor for economic initiatives,DINA POWELL,https://www.bloomberg.com/politics/articles/2017-01-12/goldman-sachs-s-dina-powell-named-as-trump-s-economic-assistant
DONALD J. TRUMP,White House Counsel,DON MCGAHN,General knowledge
DONALD J. TRUMP,Parent/child,DONALD TRUMP JR.,General knowledge
DONALD J. TRUMP,"Leader" in the transition team per CNN,EDWIN FEULNER,http://www.cnn.com/2016/11/10/politics/donald-trump-transition-drain-the-swamp/
DONALD J. TRUMP,"Leader" in the transition team per CNN,EDWIN MEESE,http://www.cnn.com/2016/11/10/politics/donald-trump-transition-drain-the-swamp/
DONALD J. TRUMP,Secretary of Transportation,ELAINE CHAO,General knowledge
DONALD J. TRUMP,Gorlova bought a Trump penthouse in Florida,ELENA GORLOVA,https://www.washingtonpost.com/politics/in-little-moscow-russians-helped-donald-trumps-brand-survive-the-recession/2016/11/04/f9dbd38e-97cf-11e6-bb29-bf2701dbe0a3_story.html
DONALD J. TRUMP,Member of Trump's Strategic and Policy forum,ELON MUSK,http://fortune.com/2016/12/14/donald-trump-musk-kalanick-nooyi/
DONALD J. TRUMP,The Russian pop singer son of billionaire real estate developer Aras Agalarov says he befriended Trump,EMIN AGALAROV,https://www.washingtonpost.com/politics/inside-trumps-financial-ties-to-russia-and-his-unusual-flattery-of-vladimir-putin/2016/06/17/dbdcaac8-31a6-11e6-8ff7-7b6c1998b7a0_story.html | https://www.youtube.com/watch?v=iuZUNjFsgS8
DONALD J. TRUMP,Parent/child,ERIC TRUMP,General knowledge
DONALD J. TRUMP,"Leader" in the transition team per CNN,ERIC UELAND,http://www.cnn.com/2016/11/10/politics/donald-trump-transition-drain-the-swamp/
DONALD J. TRUMP,The Argentine real estate developer is said to be friends with the Trump family,FELIPE YARYURA,http://www.lanacion.com.ar/1955208-la-emocion-del-socio-argentino-de-trump
DONALD J. TRUMP,Director United States National Economic Council,GARY COHN,General knowledge
DONALD J. TRUMP,"whose friendship with Mr. Trump dates to the president’s Atlantic City years" per the New York Times,GEORGE E. NORCROSS III,https://www.nytimes.com/2017/02/18/us/mar-a-lago-trump-ethics-winter-white-house.html?_r=0
DONALD J. TRUMP,Director of advance,GEORGE GIGICOS,https://www.documentcloud.org/documents/3534048-Gigicos-George.html
DONALD J. TRUMP,Former Chief Digital Officer,GERRIT LANSING,https://www.documentcloud.org/documents/3534042-Lansing-Gerrit.html | http://www.politico.com/blogs/donald-trump-administration/2017/02/gerrit-lansing-trump-digital-chief-ousted-235268
DONALD J. TRUMP,Member of Trump's Strategic and Policy forum,GINNI ROMETTY,http://fortune.com/2016/12/14/donald-trump-musk-kalanick-nooyi/
DONALD J. TRUMP,Director media affairs,HELEN FERRE,https://www.documentcloud.org/documents/3534068-Ferre-Helen.html
DONALD J. TRUMP,Director of Strategic Communications White House,HOPE HICKS,https://www.documentcloud.org/documents/3534459-Hicks-Hope.html
DONALD J. TRUMP,Perlmutter "has been informally advising Mr. Trump on veterans issues" per the New York Times,IKE PERLMUTTER,https://www.nytimes.com/2017/04/22/us/politics/donald-trump-white-house.html?_r=1
DONALD J. TRUMP,Member of Trump's Strategic and Policy forum,INDRA NOOYI,http://fortune.com/2016/12/14/donald-trump-musk-kalanick-nooyi/
DONALD J. TRUMP,Parent/child,IVANKA TRUMP,General knowledge
DONALD J. TRUMP,Secretary of Defense,JAMES MATTIS,General knowledge
DONALD J. TRUMP,Senior associate counsel,JAMES SCHULTZ,https://www.documentcloud.org/documents/3534346-Shultz-James.html
DONALD J. TRUMP,White House Domestic Policy Council labor and employment advisor,JAMES SHERK,https://www.bna.com/trumps-new-labor-n57982084346/
DONALD J. TRUMP,Member of Trump's Strategic and Policy forum,JAMIE DIMON,http://fortune.com/2016/12/14/donald-trump-musk-kalanick-nooyi/
DONALD J. TRUMP,Senior adviser,JARED KUSHNER,https://www.washingtonpost.com/news/post-politics/wp/2017/01/09/tumps-son-in-law-jared-kushner-expected-to-join-white-house-as-a-senior-adviser/?utm_term=.a3958e1d3829
DONALD J. TRUMP,Deputy assistant,JARROD P. AGEN,https://www.documentcloud.org/documents/3534451-Agen-Jarrod.html
DONALD J. TRUMP,Special Representative for International Negotiations,JASON D. GREENBLATT,https://www.nytimes.com/2016/12/25/us/politics/trump-organization-business.html?_r=0
DONALD J. TRUMP,Worked on Trump's NY campaign goes on Fox News as a Trump surrogate,JASON D. MEISTER,https://therealdeal.com/issues_articles/whos-jumping-ship/ | http://www.jasondmeister.com/media/
DONALD J. TRUMP,Attorney General,JEFF SESSIONS,General knowledge
DONALD J. TRUMP,Deputy director,JENNIFER KORN,https://www.documentcloud.org/documents/3534039-Korn-Jennifer.html
DONALD J. TRUMP,Deputy director of the National Economic Council,JEREMY KATZ,https://www.documentcloud.org/documents/3534036-Katz-Jeremy.html
DONALD J. TRUMP,Deputy communications director,JESSICA DITTO,http://www.cnn.com/2017/01/04/politics/bill-stepien-chris-christie-donald-trump-white-house/
DONALD J. TRUMP,Deputy chief of staff for operations,JOE HAGIN,http://www.cnn.com/2017/01/04/politics/bill-stepien-chris-christie-donald-trump-white-house/
DONALD J. TRUMP,Director of presidential personnel,JOHN DESTEFANO,http://www.cnn.com/2017/01/04/politics/bill-stepien-chris-christie-donald-trump-white-house/
DONALD J. TRUMP,Deputy assistant,JOHN EISENBERG,https://www.whitehouse.gov/the-press-office/2017/02/02/white-house-national-security-advisor-announces-nsc-senior-staff-0
DONALD J. TRUMP,Secretary of Department of Homeland Security,JOHN F. KELLY,General knowledge
DONALD J. TRUMP,Part of OMB transition team,JOHN GRAY,http://thehill.com/policy/finance/314991-trump-team-prepares-dramatic-cuts
DONALD J. TRUMP,Personal aide to the President,JOHN MCENTEE,http://www.cnn.com/2017/01/04/politics/bill-stepien-chris-christie-donald-trump-white-house/
DONALD J. TRUMP,Deputy chief of staff,JOSEPH HAGIN,https://www.documentcloud.org/documents/3534458-Hagin-Joseph.html
DONALD J. TRUMP,Chief of staff and executive secretary National Security Council,JOSEPH KELLOGG,https://www.documentcloud.org/documents/3534037-Kellogg-Joseph-K.html
DONALD J. TRUMP,Special assistant,JOSEPH LAI,https://www.documentcloud.org/documents/3534041-Lai-Joseph.html
DONALD J. TRUMP,Deputy assistant,JOYCE MEYER,https://www.documentcloud.org/documents/3534156-Meyer-Joyce-Y.html
DONALD J. TRUMP,Deputy political strategist,JULIA HAHN,https://www.documentcloud.org/documents/3534111-Hahn-Julia.html
DONALD J. TRUMP,Director of inter-governmental affairs,JUSTIN CLARK,https://www.documentcloud.org/documents/3534079-Clark-Justin.html
DONALD J. TRUMP,"exclusive representative of Trump's businesses in India" per Newsweek,KALPESH MEHTA,http://www.newsweek.com/2016/09/23/donald-trump-foreign-business-deals-national-security-498081.html
DONALD J. TRUMP,Deputy National Security Advisor,KATHLEEN TROIA MCFARLAND,General knowledge
DONALD J. TRUMP,Special advisor,KATHRYN TALENTO,https://www.documentcloud.org/documents/3534341-Talento-Kathryn.html
DONALD J. TRUMP,Director of Oval Office operations,KEITH SCHILLER,http://www.cnn.com/2017/01/04/politics/bill-stepien-chris-christie-donald-trump-white-house/
DONALD J. TRUMP,White House Counselor,KELLYANNE CONWAY,General knowledge
DONALD J. TRUMP,Donor,LINDA BEAN,http://www.nbcnews.com/business/business-news/l-l-bean-embroiled-spat-over-donation-trump-campaign-n706236
DONALD J. TRUMP,Administrator of the Small Business Administration,LINDA MCMAHON,General knowledge
DONALD J. TRUMP,White House spokeswoman,LINDSAY WALTERS,https://www.bloomberg.com/politics/articles/2017-02-03/trump-trade-pick-could-negotiate-for-industry-of-biggest-client
DONALD J. TRUMP,Executive assistant,MADELEINE WESTERHOUT,https://www.documentcloud.org/documents/3534343-Westerhout-Madeleine.html
DONALD J. TRUMP,Business partners,MANGAL PRABHAT LODHA,http://www.nytimes.com/2016/11/26/us/politics/donald-trump-international-business.html
DONALD J. TRUMP,Has represented "President Donald J. Trump in a wide range of litigation matters for over 15 years" per bio,MARC E. KASOWITZ,http://www.kasowitz.com/marc-e-kasowitz/
DONALD J. TRUMP,Special assistant,MARC LOTTER,https://www.documentcloud.org/documents/3535104-Lotter-Marc.html
DONALD J. TRUMP,Director of legislative affairs,MARC SHORT,http://www.cnn.com/2017/01/04/politics/bill-stepien-chris-christie-donald-trump-white-house/
DONALD J. TRUMP,Member of Trump's Strategic and Policy forum,MARY T. BARRA,http://fortune.com/2016/12/14/donald-trump-musk-kalanick-nooyi/
DONALD J. TRUMP,Siblings,MARYANNE TRUMP BARRY,General knowledge
DONALD J. TRUMP,Business partners,MEHMET ALI YALCINDAG,http://www.nytimes.com/2016/11/26/us/politics/donald-trump-international-business.html
DONALD J. TRUMP,Married,MELANIA TRUMP,General knowledge
DONALD J. TRUMP,Cohen is Trump's personal attorney,MICHAEL D. COHEN,https://www.washingtonpost.com/news/post-politics/wp/2017/01/19/michael-cohen-special-counsel-to-donald-trump-will-follow-him-to-washington/?utm_term=.bea39093a642
DONALD J. TRUMP,National Security Advisor,MICHAEL FLYNN,General knowledge
DONALD J. TRUMP,Special assistant,MICHAEL J. ELLIS,https://www.documentcloud.org/documents/3534059-Ellis-Michael-J.html
DONALD J. TRUMP,Director of CIA,MICHAEL POMPEO,General knowledge
DONALD J. TRUMP,Director of Office of Management and Budget,MICK MULVANEY,General knowledge
DONALD J. TRUMP,Pollster for Trump's presidential campaign,MIKE BASELICE,https://www.texastribune.org/2016/07/01/trump-campaign-turns-texas-political-talent/
DONALD J. TRUMP,A top touchstone outside the White House according to the New York Times,NEWT GINGRICH,https://www.nytimes.com/2017/04/22/us/politics/donald-trump-white-house.html?_r=1
DONALD J. TRUMP,Ambassador to the United Nations,NIKKI HALEY,General knowledge
DONALD J. TRUMP,Principal Deputy Solicitor General,NOEL FRANCISCO,http://www.jonesday.com/jones-day-lawyers-tapped-for-federal-and-state-posts-01-20-2017/
DONALD J. TRUMP,Miserva bought a Trump penthouse in Florida,OLEG MISERVA,https://www.washingtonpost.com/politics/in-little-moscow-russians-helped-donald-trumps-brand-survive-the-recession/2016/11/04/f9dbd38e-97cf-11e6-bb29-bf2701dbe0a3_story.html
DONALD J. TRUMP,Assistant to the President and Director of Communications for the Office of Public Liaison,OMAROSÉ ONEE MANIGAULT,General knowledge
DONALD J. TRUMP,Former campaign manager,PAUL MANAFORT,http://www.cnn.com/2016/08/19/politics/donald-trump-campaign-chairman-paul-manafort-resigns/
DONALD J. TRUMP,Special assistant,PAUL TELLER,https://www.documentcloud.org/documents/3534342-Teller-Paul.html
DONALD J. TRUMP,Deputy director of the domestic policy council,PAUL WINFREE,https://www.documentcloud.org/documents/3534344-Winfree-Paul.html
DONALD J. TRUMP,Head of National Trade Council,PETER NAVARRO,http://www.businessinsider.com/peter-navarro-trump-administration-2017-4
DONALD J. TRUMP,Former transition team member,PETER THIEL,http://www.politico.com/story/2017/01/peter-thiel-no-job-trump-administration-233523
DONALD J. TRUMP,"Mr. Trump has 20-odd business partners but none is closer to him than Mr. Ruffin" per the New York Times,PHIL RUFFIN,https://www.nytimes.com/2017/04/22/us/politics/donald-trump-white-house.html?_r=1
DONALD J. TRUMP,"the billionaire [...] aided Trump during his corporate bankruptcies in the 1990s by purchasing his yacht which provided him with desperately needed cash" per Newsweek,PRINCE ALWALEED BIN TALALTHE,http://www.newsweek.com/2016/09/23/donald-trump-foreign-business-deals-national-security-498081.html
DONALD J. TRUMP,Deputy communications director,RAJ SHAH,http://www.cnn.com/2017/01/04/politics/bill-stepien-chris-christie-donald-trump-white-house/
DONALD J. TRUMP,Major donor,REBEKAH MERCER,https://www.washingtonpost.com/politics/the-rise-of-gop-mega-donor-rebekah-mercer/2016/09/13/85ae3c32-79bf-11e6-beac-57a4a412e93a_story.html?utm_term=.b4e577d44785
DONALD J. TRUMP,Erdogan the president of Turkey and a vocal Trump supporter met him during the ribbon-cutting of a Trump property,RECEP TAYYIP ERDOGAN,http://www.newsweek.com/2016/09/23/donald-trump-foreign-business-deals-national-security-498081.html
DONALD J. TRUMP,Assistant to the President for intragovernmental and technology initiatives,REED S. CORDISH,http://www.baltimoresun.com/news/maryland/politics/blog/bal-reed-cordish-to-join-trump-administration-20170105-story.html
DONALD J. TRUMP,White House Chief of Staff,REINCE PRIEBUS,General knowledge
DONALD J. TRUMP,Secretary of State,REX TILLERSON,General knowledge
DONALD J. TRUMP,"one of Trump's few close friends in New York real estate" per New York Magazine and co-head of his new infrastructure council according to the Wall Street Journal,RICHARD LEFRAK,http://nymag.com/daily/intelligencer/2017/01/jared-kushner-trump-administration-power.html | https://www.wsj.com/articles/donald-trump-asks-richard-lefrak-steven-roth-to-monitor-infrastructure-plans-costs-1484591989
DONALD J. TRUMP,Deputy chief of staff for legislative and intergovernmental affairs,RICK DEARBORN,http://www.cnn.com/2017/01/04/politics/bill-stepien-chris-christie-donald-trump-white-house/
DONALD J. TRUMP,Secretary of Energy,RICK PERRY,General knowledge
DONALD J. TRUMP,Member of Trump's Strategic and Policy forum,ROBERT A. IGER,http://fortune.com/2016/12/14/donald-trump-musk-kalanick-nooyi/
DONALD J. TRUMP,Special assistant,ROBERT GOAD,https://www.documentcloud.org/documents/3534080-Goad-Robert.html
DONALD J. TRUMP,A top touchstone outside the White House according to the New York Times,ROBERT KRAFT,https://www.nytimes.com/2017/04/22/us/politics/donald-trump-white-house.html?_r=1
DONALD J. TRUMP,Nominee for U.S. Trade Representative,ROBERT LIGHTHIZER,General knowledge
DONALD J. TRUMP,Major donor,ROBERT MERCER,https://www.publicintegrity.org/2016/12/02/20504/what-we-knew-about-donald-trump-s-inner-circle-when-we-knew-it
DONALD J. TRUMP,"Longtime adviser" per Politico,ROGER J. STONE JR.,http://www.politico.com/story/2015/08/donald-trumps-debate-dirty-trickster-121098
DONALD J. TRUMP,Told Russian buyers he was a partner in Trump project in Sunny Isles Fla.,ROGER KHAFIF,https://www.washingtonpost.com/politics/in-little-moscow-russians-helped-donald-trumps-brand-survive-the-recession/2016/11/04/f9dbd38e-97cf-11e6-bb29-bf2701dbe0a3_story.html
DONALD J. TRUMP,Advisor for policy strategy and speechwriting,ROSS WORTHINGTON,https://www.documentcloud.org/documents/3534345-Worthington-Ross.html
DONALD J. TRUMP,"The president’s relationship with Mr. Murdoch is deeper and more enduring than most in his life and the two commiserate and plot strategy in their phone calls according to people close to both" according to the New York Times,RUPERT MURDOCH,https://www.nytimes.com/2017/04/22/us/politics/donald-trump-white-house.html?_r=1 | http://nymag.com/daily/intelligencer/2017/01/megyn-kellys-departure-is-clue-about-future-of-fox-news.html | http://mediamatters.org/blog/2017/01/04/how-donald-trump-could-make-rupert-murdoch-even-more-powerful/214924
DONALD J. TRUMP,Part of OMB transition team,RUSS VOUGHT,http://thehill.com/policy/finance/314991-trump-team-prepares-dramatic-cuts
DONALD J. TRUMP,Special assistant,RYAN JARMULA,https://www.documentcloud.org/documents/3534032-Jarmula-Ryan.html
DONALD J. TRUMP,Secretary of Interior,RYAN ZINKE,General knowledge
DONALD J. TRUMP,Former senior policy advisor on campaign,SAM CLOVIS,http://www.politico.com/magazine/story/2016/06/stephen-miller-donald-trump-2016-policy-adviser-jeff-sessions-213992
DONALD J. TRUMP,Former adviser,SAM NUNBERG,http://www.politico.com/magazine/story/2016/06/stephen-miller-donald-trump-2016-policy-adviser-jeff-sessions-213992
DONALD J. TRUMP,Deputy assistant,SARAH MAKIN,https://www.documentcloud.org/documents/3535103-Makin-Sarah.html
DONALD J. TRUMP,Senior associate counsel,SCOTT GAST,https://www.documentcloud.org/documents/3534078-Gast-Scott.html
DONALD J. TRUMP,Administrator of the Environmental Protection Agency,SCOTT PRUITT,General knowledge
DONALD J. TRUMP,Deputy assistant,SEAN CAIRNCROSS,http://www.politico.com/story/2017/01/trump-transition-white-house-hires-233863
DONALD J. TRUMP,A top touchstone outside the White House according to the New York Times,SEAN HANNITY,https://www.nytimes.com/2017/04/22/us/politics/donald-trump-white-house.html?_r=1
DONALD J. TRUMP,White House Press Secretary,SEAN SPICER,General knowledge
DONALD J. TRUMP,Deputy assistant,SEBASTIAN GORKA,http://www.cnn.com/2017/02/07/politics/kfile-gorka-on-fake-news/index.html
DONALD J. TRUMP,The Russian diplomat sat in on Trump foreign policy speech in April 2016,SERGEY I. KISLYAK,https://www.washingtonpost.com/politics/inside-trumps-financial-ties-to-russia-and-his-unusual-flattery-of-vladimir-putin/2016/06/17/dbdcaac8-31a6-11e6-8ff7-7b6c1998b7a0_story.html
DONALD J. TRUMP,Special assistant,SHAHIRA KNIGHT,https://www.documentcloud.org/documents/3534038-Knight-Shahira-E.html
DONALD J. TRUMP,Conflicts of interest lawyer,SHERI A. DILLON,https://www.nytimes.com/2017/01/11/us/politics/trump-press-conference-transcript.html
DONALD J. TRUMP,Secretary of Agriculture,SONNY PERDUE,https://www.nytimes.com/2017/01/18/us/politics/sonny-perdue-agriculture-secretary.html
DONALD J. TRUMP,Deputy press secretary,STEPHANIE GRISHAM,https://www.documentcloud.org/documents/3534109-Grisham-Stephanie.html
DONALD J. TRUMP,Member of Trump's economic advisory council,STEPHEN A. FEINBERG,https://www.nytimes.com/2017/02/15/us/politics/trump-intelligence-agencies-stephen-feinberg.html
DONALD J. TRUMP,Chair of Trump's Strategic and Policy forum,STEPHEN A. SCHWARZMAN,http://fortune.com/2016/12/14/donald-trump-musk-kalanick-nooyi/
DONALD J. TRUMP,Meister was Trump's attorney during a 2013 ethics suit of the NY AG,STEPHEN B. MEISTER,http://www.nydailynews.com/blogs/dailypolitics/donald-trump-set-file-ethics-complaint-tuesday-ny-ag-eric-schneiderman-blog-entry-1.1697386 | http://www.newsweek.com/2015/10/30/trumps-big-atlantic-city-dump-385427.html
DONALD J. TRUMP,White House Chief Strategist and Senior Advisor,STEPHEN BANNON,General knowledge
DONALD J. TRUMP,Senior Advisor to the President for Policy,STEPHEN MILLER,General knowledge
DONALD J. TRUMP,Deputy assistant,STEPHEN MUNISTERI,https://www.documentcloud.org/documents/3534157-Munisteri-Stephen-P.html
DONALD J. TRUMP,Secretary of Treasury,STEVEN MNUCHIN,General knowledge
DONALD J. TRUMP,Assistant communications director,STEVEN N. CHEUNG,https://www.documentcloud.org/documents/3534333-Cheung-Steven-N.html
DONALD J. TRUMP,Former campaign advisor going to co-head infrastructure council,STEVEN ROTH,http://www.huffingtonpost.com/entry/donald-trump-steven-roth-meeeting_us_587917f8e4b09281d0eaa28e | https://www.wsj.com/articles/donald-trump-asks-richard-lefrak-steven-roth-to-monitor-infrastructure-plans-costs-1484591989 | https://www.bloomberg.com/news/features/2017-01-27/jared-kushner-s-felon-father-brought-two-fellow-inmates-into-company
DONALD J. TRUMP,Nominee for Ambassador to China,TERRY BRANSTAD,General knowledge
DONALD J. TRUMP,Inauguration committee chairman,THOMAS J. BARRACK JR.,https://www.donaldjtrump.com/press-releases/president-elect-trump-announces-presidentialinaugural-committee-leader
DONALD J. TRUMP,Head of the Department of Energy transition team,THOMAS PYLE,http://www.latimes.com/politics/la-na-pol-trump-kochs-climate-20161205-story.html
DONALD J. TRUMP,Special assistant,TIMOTHY PATAKI,https://www.documentcloud.org/documents/3534160-Pataki-Timothy-a-New-Entrant-278-2017.html
DONALD J. TRUMP,Homeland Security Advisor,TOM BOSSERT,General knowledge
DONALD J. TRUMP,Secretary of Health and Human Services,TOM PRICE,General knowledge
DONALD J. TRUMP,Former member of Trump's Strategic and Policy forum,TRAVIS KALANICK,http://fortune.com/2016/12/14/donald-trump-musk-kalanick-nooyi/ | http://www.recode.net/2017/2/2/14490950/travis-kalanick-uber-ceo-leaves-donald-trump-advisory-council
DONALD J. TRUMP,Special assistant,UTTAM DHILLON,https://www.documentcloud.org/documents/3534050-Dhillon-Uttam.html
DONALD J. TRUMP,Trump made video appearance for Pinchuk's convention,VICTOR PINCHUK,https://www.buzzfeed.com/paulmcleod/trump-foundation-received-150000-donation-in-exchange-for-20?utm_term=.wtQZdJa2V#.llzLxNkYw
DONALD J. TRUMP,Advisor for policy strategy and speechwriting,VINCE HALEY,https://www.documentcloud.org/documents/3534112-Haley-Vincent.html
DONALD J. TRUMP,Nominee for SEC Chairman,WALTER J. "JAY" CLAYTON III,http://www.newyorker.com/magazine/2017/03/13/donald-trumps-worst-deal
DONALD J. TRUMP,Battleground states director for Trump campaign senior adviser for the Department of Energy,WELLS GRIFFITH,http://www.politico.com/story/2017/01/trumps-shadow-cabinet-234088 | https://www.documentcloud.org/documents/3460899-Wells-Griffith-LinkedIn-2017-02-13.html
DONALD J. TRUMP,Secretary of Commerce,WILBUR ROSS,General knowledge
DONALD TRUMP JR.,Met in 2006 when Zaika was head of the Ukrainian Construction Consortium,ANDRIY ZAIKA,http://www.newsweek.com/2016/09/23/donald-trump-foreign-business-deals-national-security-498081.html
DONALD TRUMP JR.,Business partners,BERNARD R. DIAMOND,Nexis
DONALD TRUMP JR.,Father-in-law/son-in-law,BONNIE HAYDON,Nexis — NYT 11/19/2006
DONALD TRUMP JR.,Siblings,ERIC TRUMP,General knowledge
DONALD TRUMP JR.,The Argentine real estate developer is said to be friends with the Trump family,FELIPE YARYURA,http://www.lanacion.com.ar/1955208-la-emocion-del-socio-argentino-de-trump
DONALD TRUMP JR.,Business partners,JASON D. GREENBLATT,Nexis
DONALD TRUMP JR.,Business partners,RUSSELL FLICKER,Nexis
DONALD TRUMP JR.,Married,VANESSA TRUMP,General knowledge
DONALD TRUMP JR.,Met in 2006 when Tkachuk was an adviser to the Ukrainian president,VIKTOR TKACHUK,http://www.newsweek.com/2016/09/23/donald-trump-foreign-business-deals-national-security-498081.html
ELAINE CHAO,Siblings,ANGELA CHAO,https://www.propublica.org/article/familys-shipping-company-could-pose-problems-for-trumps-transportation-pick
ELAINE CHAO,Siblings,CHRISTINE CHAO,https://www.propublica.org/article/familys-shipping-company-could-pose-problems-for-trumps-transportation-pick
ELTON MAMMADOV,Siblings,ANAR MAMMADOV,http://www.newyorker.com/magazine/2017/03/13/donald-trumps-worst-deal
ELTON MAMMADOV,Parent/child,ZIYA MAMMADOV,http://www.newyorker.com/magazine/2017/03/13/donald-trumps-worst-deal
ELVIRA KUDRYASHOVA,Parent/child,VIKTOR KHRAPUNOV,https://www.ft.com/content/33285dfa-9231-11e6-8df8-d3778b55a923
EMIN AGALAROV,Parent/child,ARAS AGALAROV,https://www.washingtonpost.com/politics/inside-trumps-financial-ties-to-russia-and-his-unusual-flattery-of-vladimir-putin/2016/06/17/dbdcaac8-31a6-11e6-8ff7-7b6c1998b7a0_story.html?utm_term=.0cb035ebfc6b
ERIC HOLCOMB,Conway provided consulting services to Holcomb,KELLYANNE CONWAY,https://www.documentcloud.org/documents/3534450-Conway-Kellyanne.html
ERIC TRUMP,The Argentine real estate developer is said to be friends with the Trump family; Yaryura and Eric Trump were photographed together at Trump's election night party,FELIPE YARYURA,http://www.lanacion.com.ar/1955208-la-emocion-del-socio-argentino-de-trump
ERIK PRINCE,Siblings,BETSY DEVOS,https://theintercept.com/2017/01/17/notorious-mercenary-erik-prince-is-advising-trump-from-the-shadows/
ERIK PRINCE,"Prince has a close relationship with Breitbart News and Steve Bannon" per The Intercept,STEPHEN BANNON,https://theintercept.com/2017/01/17/notorious-mercenary-erik-prince-is-advising-trump-from-the-shadows/
FELIX SATER,Sater "agreed to serve as [a director] of a company through which [Kudryashova] would pour $3m into a business venture as part of her efforts to secure a US investor visa" per the Financial Times,ELVIRA KUDRYASHOVA,https://www.ft.com/content/33285dfa-9231-11e6-8df8-d3778b55a923
GEORGE SOROS,Mnuchin worked for Soros' fund,STEVEN MNUCHIN,http://www.vanityfair.com/news/2016/11/george-soros-declares-war-on-trump
GEORGE T. CONWAY III,Married,KELLYANNE CONWAY,General knowledge
GRACE MURDOCH,Former trustee,IVANKA TRUMP,https://www.ft.com/content/a615f0ce-ed90-11e6-930f-061b01e23655
ILYAS KHRAPUNOV,Parent/child,VIKTOR KHRAPUNOV,https://www.ft.com/content/33285dfa-9231-11e6-8df8-d3778b55a923
IVANKA TRUMP,Met in 2006 when Zaika was head of the Ukrainian Construction Consortium,ANDRIY ZAIKA,http://www.newsweek.com/2016/09/23/donald-trump-foreign-business-deals-national-security-498081.html
IVANKA TRUMP,Ivanka Trump "has been leaning on [Powell] ... as a top adviser on policy and staffing" per Politico,DINA POWELL,http://www.politico.com/story/2017/01/ivanka-trump-goldman-sachs-233234
IVANKA TRUMP,Siblings,DONALD TRUMP JR.,General knowledge
IVANKA TRUMP,Siblings,ERIC TRUMP,General knowledge
IVANKA TRUMP,The Argentine real estate developer is said to be friends with the Trump family,FELIPE YARYURA,http://www.lanacion.com.ar/1955208-la-emocion-del-socio-argentino-de-trump
IVANKA TRUMP,Married,JARED KUSHNER,General knowledge
IVANKA TRUMP,Business partners,MEHMET ALI YALCINDAG,http://www.nytimes.com/2016/11/26/us/politics/donald-trump-international-business.html
IVANKA TRUMP,Lunched together spawning Trump interest in Rio hotel,PAULO FIGUEIREDO FILHO,http://www.nytimes.com/2016/11/26/us/politics/donald-trump-international-business.html
IVANKA TRUMP,Met in 2006 when Tkachuk was an adviser to the Ukrainian president,VIKTOR TKACHUK,http://www.newsweek.com/2016/09/23/donald-trump-foreign-business-deals-national-security-498081.html
JAMES S.C. CHAO,Parent/child,ANGELA CHAO,https://www.propublica.org/article/familys-shipping-company-could-pose-problems-for-trumps-transportation-pick
JAMES S.C. CHAO,Parent/child,CHRISTINE CHAO,https://www.propublica.org/article/familys-shipping-company-could-pose-problems-for-trumps-transportation-pick
JAMES S.C. CHAO,Parent/child,ELAINE CHAO,https://www.propublica.org/article/familys-shipping-company-could-pose-problems-for-trumps-transportation-pick
JARED KUSHNER,Partnered with Kushner in Brooklyn projects,ASHER ABEHSERA,http://nymag.com/daily/intelligencer/2017/01/jared-kushner-trump-administration-power.html
JARED KUSHNER,Assistant,AVRAHM BERKOWITZ,https://www.documentcloud.org/documents/3534232-Berkowitz-Avrahm-J.html
JARED KUSHNER,Longtime family friends per Reuters,BENJAMIN NETANYAHU,http://www.reuters.com/article/us-usa-trump-israel-scene-idUSKBN15U2PA
JARED KUSHNER,Parent/child,CHARLES KUSHNER,General knowledge
JARED KUSHNER,"Kushner and Cui have had an extensive ongoing dialogue that has been positive according to a White House official" per Bloomberg,CUI TIANKAI,https://www.bloomberg.com/politics/articles/2017-02-07/china-courts-ivanka-jared-kushner-to-smooth-ties-with-trump
JARED KUSHNER,Siblings,DARA ORBACH,http://www.townandcountrymag.com/society/politics/news/a9244/charles-jared-kushner-family/
JARED KUSHNER,Friends,JUSTIN WENIGER,http://www.businessinsider.com/jared-kushner-trump-media-mogul-observer-2016-12
JARED KUSHNER,Donor,MARGARET CHIN,http://thevillager.com/2013/07/25/the-billionaires-back-margaret-chin-for-city-council/
JARED KUSHNER,Friends,MARTIN SORRELL,http://nymag.com/daily/intelligencer/2017/01/jared-kushner-trump-administration-power.html
JARED KUSHNER,"business partner of the Kushners" per New York Magazine,MILES BERGER,http://nymag.com/daily/intelligencer/2017/01/jared-kushner-trump-administration-power.html
JARED KUSHNER,Siblings,NICOLE KUSHNER MEYER,http://www.townandcountrymag.com/society/politics/news/a9244/charles-jared-kushner-family/
JARED KUSHNER,Gave Kushner $50 million to help by a property from his father's company-Tishman Speyer,ROB SPEYER,http://nymag.com/realestate/features/53797/index5.html
JARED KUSHNER,Friends,RYAN DOHERTY,http://www.businessinsider.com/jared-kushner-trump-media-mogul-observer-2016-12
JARED KUSHNER,"close with Kushner" per New York Magazine,STRAUSS ZELNICK,http://nymag.com/daily/intelligencer/2017/01/jared-kushner-trump-administration-power.html
JEFF SESSIONS,Former deputy chief counsel,AJIT PAI,https://www.fcc.gov/about/leadership/ajit-pai
JEFF SESSIONS,Former communications advisor,GARRETT MURCH,http://www.politico.com/magazine/story/2016/06/stephen-miller-donald-trump-2016-policy-adviser-jeff-sessions-213992 | https://www.linkedin.com/in/garrett-murch-9800b928
JEFF SESSIONS,Deputy assistant AG for Civil Rights,JOHN GORE,http://www.jonesday.com/jones-day-lawyers-tapped-for-federal-and-state-posts-01-20-2017/
JEFF SESSIONS,Kyl was Sessions's "sherpa" for confirmation hearings,JOHN KYL,http://www.azcentral.com/story/news/politics/azdc/2017/01/13/jon-kyl-helping-jeff-sessions-confirmation-hearing-attorney-general/96558516/
JEFF SESSIONS,Counsel to the Deputy Attorney General,MICHAEL MURRAY,http://www.jonesday.com/jones-day-lawyers-tapped-for-federal-and-state-posts-01-20-2017/
JEFF SESSIONS,Former chief of staff,RICK DEARBORN,http://www.cnn.com/2017/01/04/politics/bill-stepien-chris-christie-donald-trump-white-house/
JEFF SESSIONS,Sessions appointed Wheeler to Deputy Assistant Attorney General. Wheeler was also appointed head of the DOJ's Civil Rights Division as an Acting Assistant Attorney General.,THOMAS E. WHEELER,https://www.nytimes.com/2017/02/28/magazine/jeff-sessions-stephen-bannon-justice-department.html?_r=0 | https://www.buzzfeed.com/zoetillman/heres-who-is-running-the-justice-department-right-now | https://www.justice.gov/crt
JOSE E.B. ANTONIO,Parent/child,JOSE ROBERTO "ROBBIE" ANTONIO,http://www.nytimes.com/2016/11/26/us/politics/donald-trump-international-business.html?_r=0
JOSEPH MEYER,Married,NICOLE KUSHNER MEYER,http://nymag.com/daily/intelligencer/2013/01/jared-kushner-names-brother-in-law-observer-ceo.html
JOSHUA KUSHNER,Siblings,DARA ORBACH,http://www.townandcountrymag.com/society/politics/news/a9244/charles-jared-kushner-family/
JOSHUA KUSHNER,Siblings,JARED KUSHNER,General knowledge
JOSHUA KUSHNER,Siblings,NICOLE KUSHNER MEYER,http://www.townandcountrymag.com/society/politics/news/a9244/charles-jared-kushner-family/
LEV LEVIEV,Described him as a "true friend",VLADIMIR PUTIN,http://www.nytimes.com/2007/09/16/magazine/16Leviev-t.html
LUCIUS JOSEPH RICCIO,Married,RHONA GRAFF RICCIO,General knowledge
MARC SHORT,"the Koch brothers’ top political adviser in Washington and a trusted member of their inner circle for five years" per Politico,CHARLES G. KOCH,http://www.politico.com/story/2016/02/marc-short-marco-rubio-219664
MARC SHORT,"the Koch brothers’ top political adviser in Washington and a trusted member of their inner circle for five years" per Politico,DAVID H. KOCH,http://www.politico.com/story/2016/02/marc-short-marco-rubio-219664
MARK BURNETT,Married,ROMA DOWNEY,General knowledge
MARYANNE TRUMP BARRY,Marino served as Barry's law clerk,KEVIN MARINO,http://www.khmarino.com/attorney_bio_marino.html
MATTHEW CALAMARI,Parent/child,MATTHEW CALAMARI JR.,https://www.nytimes.com/2016/12/25/us/politics/trump-organization-business.html?_r=0
MATTHEW GRISWOLD BEVIN,Ditto was the communications director for Bevin's office,JESSICA DITTO,https://www.documentcloud.org/documents/3534035-Ditto-Jessica.html
MEHMET ALI YALCINDAG,Father-in-law/son-in-law,AYDIN DOGAN,http://www.hurriyetdailynews.com/a-major-shake-up-at-dogan-media.aspx?PageID=238&NID=104450&NewsCatID=345
MELANIA TRUMP,Chief of staff,LINDSEY REYNOLDS,http://www.politico.com/story/2017/02/donald-trump-challenges-governing-presidency-234879
MELANIA TRUMP,Senior adviser,STEPHANIE WINSTON WOLKOFF,http://www.politico.com/story/2017/02/donald-trump-challenges-governing-presidency-234879
MICHAEL FASCITELLI,Fascitelli is CEO of Vornado Realty Trust and donated the maximum to Trump's campaign,DONALD J. TRUMP,https://www.bloomberg.com/news/features/2017-01-27/jared-kushner-s-felon-father-brought-two-fellow-inmates-into-company
MICHELLE BACHMANN,Worked for her,STEPHEN MILLER,http://www.politico.com/magazine/story/2016/06/stephen-miller-donald-trump-2016-policy-adviser-jeff-sessions-213992
MICK MULVANEY,Married,PAM MULVANEY,http://www.usnews.com/news/articles/2011/02/22/10-things-you-didnt-know-about-mick-mulvaney
MIKE PENCE,Vice President,DONALD J. TRUMP,General knowledge
MIKE PENCE,Director of communications,JARROD P. AGEN,https://www.documentcloud.org/documents/3534451-Agen-Jarrod.html
MIKE PENCE,Deputy chief of staff,JEN PAVLIK,http://www.cnn.com/2017/01/04/politics/bill-stepien-chris-christie-donald-trump-white-house/
MIKE PENCE,Gray worked for Pence,JOHN GRAY,http://thehill.com/policy/finance/314991-trump-team-prepares-dramatic-cuts
MIKE PENCE,Chief of staff,JOSH PITCOCK,http://www.cnn.com/2017/01/04/politics/bill-stepien-chris-christie-donald-trump-white-house/
MIKE PENCE,Press secretary,MARC LOTTER,https://www.documentcloud.org/documents/3535104-Lotter-Marc.html
MIKE PENCE,"Longtime aide" per CNN,MARC SHORT,http://www.cnn.com/2017/01/04/politics/bill-stepien-chris-christie-donald-trump-white-house/
MIKE PENCE,Obst is a "top Pence aide" per Politico,MARTY OBST,http://www.politico.com/story/2017/01/new-pro-trump-political-group-readies-for-launch-233263
MIKE PENCE,Ayers is "one of [Pence's] top political advsiors" per Politico,NICK AYERS,http://www.politico.com/story/2017/01/new-pro-trump-political-group-readies-for-launch-233263
MIKE PENCE,Former aide,RUSS VOUGHT,http://thehill.com/policy/finance/314991-trump-team-prepares-dramatic-cuts
MIKE PENCE,Jarmula "served as a member of [Pence's] staff for a number of years" per the transition team,RYAN JARMULA,https://greatagain.gov/policy-team-32afa7145773
MIKE PENCE,Director of public engagement and intergovernmental affairs,SARAH MAKIN,https://www.documentcloud.org/documents/3535103-Makin-Sarah.html
MIKE PENCE,Wheeler worked for Pence,THOMAS E. WHEELER,http://www.motherjones.com/politics/2017/02/justice-department-thomas-wheeler-presentations
MITCH MCCONNELL,Married,ELAINE CHAO,http://elainelchao.com/biography/
NICOLAS SARKOZY,Sarkozy awarded France's Chevalier de la Légion d'Honneur to Barrack,THOMAS J. BARRACK JR.,http://colonyinc.com/about#fulltext4
NICOLE KUSHNER MEYER,Siblings,DARA ORBACH,http://www.townandcountrymag.com/society/politics/news/a9244/charles-jared-kushner-family/
NIGEL FARAGE,"Close friends" per the Guardian,ROBERT MERCER,https://www.theguardian.com/politics/2017/mar/04/nigel-oakes-cambridge-analytica-what-role-brexit-trump
OMAROSÉ ONEE MANIGAULT,Mentored by,ALBERT ROSS SR.,http://www.omarosa.com/#
OMAROSÉ ONEE MANIGAULT,Mentored by,H. B. HICKS,http://www.omarosa.com/#
PAUL MANAFORT,Manafort secured a loan from al-Assir,ABDUL RAHMAN AL-ASSIR,https://www.washingtonpost.com/politics/in-business-as-in-politics-trump-adviser-no-stranger-to-controversial-figures/2016/04/26/970db232-08c7-11e6-b283-e79d81c63c1b_story.html?utm_term=.de35331c8594
PAUL MANAFORT,"negotiated a deal to buy the site of the Drake Hotel on Park Avenue in Manhattan" per the New York Times,ARTHUR G. COHEN,https://www.nytimes.com/2016/08/01/us/paul-manafort-ukraine-donald-trump.html
PAUL MANAFORT,Worked together in bid for site of Drake Hotel in NYC,DMITRY FIRTASH,https://www.washingtonpost.com/politics/in-business-as-in-politics-trump-adviser-no-stranger-to-controversial-figures/2016/04/26/970db232-08c7-11e6-b283-e79d81c63c1b_story.html?utm_term=.de35331c8594
PAUL MANAFORT,Manafort and Firtash "an oligarch who made billions as a middleman for Gazprom" were partners in "a deal to buy the site of the Drake Hotel on Park Avenue in Manhattan" per the New York Times,DMYTRO FIRTASH,https://www.nytimes.com/2016/08/01/us/paul-manafort-ukraine-donald-trump.html
PAUL MANAFORT,Manafort worked to improve image of Akhmetov's companies,RINAT AKHMETOV,https://www.nytimes.com/2016/08/01/us/paul-manafort-ukraine-donald-trump.html
PAUL MANAFORT,Manafort ran PR for Lyovochkin's campaign,SERHIY LYOVOCHKIN,https://www.nytimes.com/2016/08/01/us/paul-manafort-ukraine-donald-trump.html
PAUL MANAFORT,Manafort ran PR for Yanukovych's campaign,VIKTOR F. YANUKOVYCH,https://www.nytimes.com/2016/08/01/us/paul-manafort-ukraine-donald-trump.html
RAZ STEINMETZ,Parent/child,DANIEL STEINMETZ,https://www.bloomberg.com/news/articles/2017-04-26/kushners-are-partners-with-one-of-israel-s-wealthiest-families
REBEKAH MERCER,"They're close" per The Atlantic,KELLYANNE CONWAY,https://www.theatlantic.com/politics/archive/2017/01/no-one-knows-what-the-powerful-mercers-really-want/514529/
REBEKAH MERCER,"Tied at the hip" per a source to The Hill,STEPHEN BANNON,http://thehill.com/homenews/campaign/291772-billionaire-father-and-daughter-linked-to-trump-shakeup
REBEKAH MERCER,Married,SYLVAIN MIROCHNIKOFF,https://www.washingtonpost.com/politics/the-rise-of-gop-mega-donor-rebekah-mercer/2016/09/13/85ae3c32-79bf-11e6-beac-57a4a412e93a_story.html?utm_term=.9cf5b5040519
REINCE PRIEBUS,Former deputy chief of staff,KATIE WALSH,http://www.cnn.com/2017/01/04/politics/bill-stepien-chris-christie-donald-trump-white-house/ | http://www.politico.com/story/2017/03/trump-deputy-chief-of-staff-katie-walsh-moving-to-outside-political-groups-236706
REINCE PRIEBUS,Executive assistant,MALLORY HUNTER,https://www.documentcloud.org/documents/3534136-Hunter-Mallory.html
REINCE PRIEBUS,Senior advisor,SEAN CAIRNCROSS,http://www.politico.com/story/2017/01/trump-transition-white-house-hires-233863
REX TILLERSON,"Tillerson lowered his profile in Russia but continued to meet with non-sanctioned high-level Russian officials in Moscow including Russian Energy Minister Alexander Novak" per the Washington Post,ALEXANDER NOVAK,https://www.washingtonpost.com/news/josh-rogin/wp/2016/12/13/inside-rex-tillersons-long-romance-with-russia/?utm_term=.37f238834d71
REX TILLERSON,"Tillerson the CEO of ExxonMobil has a close and personal relationship with Sechin dating back over a decade" per the Washington Post,IGOR SECHIN,https://www.washingtonpost.com/news/josh-rogin/wp/2016/12/13/inside-rex-tillersons-long-romance-with-russia/?utm_term=.37f238834d71
REX TILLERSON,In 2012 Putin awarded Order of Friendship to Tillerson,VLADIMIR PUTIN,http://www.politico.com/magazine/story/2016/12/rex-tillerson-exxon-putin-russia-ties-friend-214515
RHONA GRAFF RICCIO,Assistant,DONALD J. TRUMP,http://www.nytimes.com/1993/04/19/style/weddings-rhona-c-graff-lucius-j-riccio.html
RHONA GRAFF RICCIO,Riccio helped train Westerhout per the New York Times,MADELEINE WESTERHOUT,https://www.nytimes.com/2017/03/27/us/rhona-graff-donald-trump.html?_r=0
RICHARD DEVOS,Parent/child,BETSY DEVOS,General knowledge
RICHARD GOETTLICH,Kushner hired him for his real estate company,JARED KUSHNER,https://www.bloomberg.com/news/features/2017-01-27/jared-kushner-s-felon-father-brought-two-fellow-inmates-into-company
RICHARD MARVIN "DICK" DEVOS JR.,Married,BETSY DEVOS,General knowledge
RICK PERRY,Married,ANITA THIGPEN PERRY,http://thehill.com/policy/healthcare/182135-perrys-addition-to-the-white-house-his-wife-health-advocate-anita-perry
RICK PERRY,Perry consulted for Holt after governorship to which Holt gave money,PETER HOLT,https://www.texastribune.org/2015/07/10/perry-consulting-big-donor-disclosures/
RICK SNYDER,Former chief of staff,JARROD P. AGEN,https://www.documentcloud.org/documents/3534451-Agen-Jarrod.html
ROBERT LIGHTHIZER,Lighthizer was Dole's campaign treasurer in 1996,BOB DOLE,http://www.pbs.org/newshour/rundown/trump-nominates-robert-lighthizer-u-s-trade-representative/
ROBERT MERCER,"At least as far back as 2013 [Caddell] has been a contractor for one of Trump’s biggest financial backers: Robert Mercer" per The New Yorker,PATRICK CADDELL,http://www.newyorker.com/magazine/2017/03/27/the-reclusive-hedge-fund-tycoon-behind-the-trump-presidency
ROBERT MERCER,Parent/child,REBEKAH MERCER,https://www.washingtonpost.com/politics/the-rise-of-gop-mega-donor-rebekah-mercer/2016/09/13/85ae3c32-79bf-11e6-beac-57a4a412e93a_story.html?utm_term=.b4e577d44785
ROGER J. STONE JR.,Stone told the Guardian that he and Assange have a "mutual friend" who served as a backchannel for advance notice of WikiLeaks' Clinton-related releases,JULIAN ASSANGE,https://www.theguardian.com/us-news/2016/nov/02/trump-adviser-clinton-emails-wikileaks-roger-stone
RUDY GIULIANI,Worked on 2008 presidential campaign,KEN KURSON,http://nymag.com/daily/intelligencer/2017/01/jared-kushner-trump-administration-power.html
RUPERT MURDOCH,Parent/child,CHLOE MURDOCH,https://www.ft.com/content/a615f0ce-ed90-11e6-930f-061b01e23655
RUPERT MURDOCH,Parent/child,GRACE MURDOCH,https://www.ft.com/content/a615f0ce-ed90-11e6-930f-061b01e23655
SALLY PRIEBUS,Married,REINCE PRIEBUS,General knowledge
SAM BROWNBACK,Former chief counsel,AJIT PAI,https://www.fcc.gov/about/leadership/ajit-pai
SCOTT PRUITT,Hamm chief executive of Continental Energy was Pruitt's 2013 re-election co-chair,HAROLD G. HAMM,http://www.cnbc.com/2016/12/08/scott-pruitt-is-great-pick-to-lead-epa-says-pruitt-ally-harold-hamm.html
SERGEI MILLIAN,Appeared in a Facebook photo together in 2014,DONALD J. TRUMP,https://www.ft.com/content/ea52a678-9cfb-11e6-8324-be63473ce146
SERGEI MILLIAN,Putin awarded Millian a prize in Jan. 2015 for developing ties between Russia and American businesspeople,VLADIMIR PUTIN,https://www.ft.com/content/ea52a678-9cfb-11e6-8324-be63473ce146
SERGEI MILLIAN,Went on trip to Moscow together in 2011,YURY ZAYTSEV,https://www.ft.com/content/ea52a678-9cfb-11e6-8324-be63473ce146
SERGEY KISLYAK,"in frequent contact" per Jan. 13 2017 Associated Press article,MICHAEL FLYNN,http://bigstory.ap.org/article/ba462d64c12d4692b8381cb7076d34ab/ap-source-trump-aide-frequent-contact-russia-envoy
SERYL KUSHNER,Parent/child,DARA ORBACH,http://www.townandcountrymag.com/society/politics/news/a9244/charles-jared-kushner-family/
SERYL KUSHNER,Parent/child,NICOLE KUSHNER MEYER,http://www.townandcountrymag.com/society/politics/news/a9244/charles-jared-kushner-family/
SETYA NOVANTO,Setya (former speaker of the Indonesian House of Representatives) is a "good friend" of Hary (a Trump partner on Indonesia resorts) per the New York Times,HARY TANOESOEDIBJO,https://www.nytimes.com/2016/12/31/world/asia/indonesia-donald-trump-resort.html?_r=0
SHANNON MCGAHN,Married,DON MCGAHN,General knowledge
SONNY PERDUE,Special assistant to Secretary of Agriculture,STEPHEN VADEN,http://www.jonesday.com/jones-day-lawyers-tapped-for-federal-and-state-posts-01-20-2017/
STEPHEN B. MEISTER,Parent/child,JASON D. MEISTER,https://therealdeal.com/issues_articles/whos-jumping-ship/
STEPHEN BANNON,Bannon served as the Mercer family's "political advisor" per the Washington Post,JENNIFER MERCER,https://www.washingtonpost.com/graphics/politics/mercer-bannon/
STEPHEN BANNON,"Hahn is a protégée of Stephen Bannon" per The New Yorker,JULIA HAHN,http://www.newyorker.com/magazine/2017/02/13/becoming-steve-bannons-bannon
STEPHEN BANNON,Conway is "buddies" with Bannon per Elle,KELLYANNE CONWAY,http://www.elle.com/culture/career-politics/a43112/kellyanne-conway-profile/
STEPHEN BANNON,Bannon and Caddell have "partnered on numerous projects" per The New Yorker,PATRICK CADDELL,http://www.newyorker.com/magazine/2017/03/27/the-reclusive-hedge-fund-tycoon-behind-the-trump-presidency
STEPHEN BANNON,Bannon served as the Mercer family's "political advisor" per the Washington Post,ROBERT MERCER,https://www.washingtonpost.com/graphics/politics/mercer-bannon/
STEPHEN MILLER,Miller sent tips to May a Breitbart reporter,CAROLINE MAY,http://www.politico.com/magazine/story/2016/06/stephen-miller-donald-trump-2016-policy-adviser-jeff-sessions-213992
STEPHEN MILLER,"Miller considers Horowitz a mentor" per Politico,DAVID HOROWITZ,http://www.politico.com/magazine/story/2016/06/stephen-miller-donald-trump-2016-policy-adviser-jeff-sessions-213992
STEPHEN MILLER,Former chief of communications,JEFF SESSIONS,http://www.politico.com/magazine/story/2016/06/stephen-miller-donald-trump-2016-policy-adviser-jeff-sessions-213992
STEPHEN MILLER,Miller sent tips to Hahn a Breitbart reporter,JULIA HAHN,http://www.politico.com/magazine/story/2016/06/stephen-miller-donald-trump-2016-policy-adviser-jeff-sessions-213992
STEPHEN MILLER,Friends,SAM NUNBERG,http://www.politico.com/magazine/story/2016/06/stephen-miller-donald-trump-2016-policy-adviser-jeff-sessions-213992
STEPHEN MILLER,Miller set up meeting between Carlson and Sessions,TUCKER CARLSON,http://www.politico.com/magazine/story/2016/06/stephen-miller-donald-trump-2016-policy-adviser-jeff-sessions-213992
STEVEN MNUCHIN,Former college roommates; Mnuchin has a position in an entity connected to Lampert,EDWARD LAMPERT,https://www.washingtonpost.com/news/wonk/wp/2017/01/19/treasury-nominee-initially-omitted-more-than-100-million-from-disclosures-democratic-memo-shows/?postshare=3221484835948504&tid=ss_tw&utm_term=.e7b4eb5ed0a8
SUSAN POMPEO,Married,MICHAEL POMPEO,http://pompeo.house.gov/biography/
TERRY BRANSTAD,Brandstad and the Chinese president have a "friendship dating back to 1985" per Bloomberg Politics,XI JINPING,https://www.bloomberg.com/politics/articles/2016-12-07/trump-said-to-pick-iowa-governor-branstad-as-china-ambassador
TIAH JOO KIM,Parent/child,TONY TIAH THEE KIAN,https://www.washingtonpost.com/classic-apps/high-rollers-risk-takers-and-rule-benders-donald-trumps-unorthodox-roster-of-overseas-business-partners/2017/01/13/73797ab6-cc37-11e6-b8a2-8c2a61b0436f_story.html?utm_term=.c2f475ce19c6
VLADIMIR PUTIN,Energy minister,ALEXANDER NOVAK,https://www.washingtonpost.com/news/josh-rogin/wp/2016/12/13/inside-rex-tillersons-long-romance-with-russia/?utm_term=.37f238834d71
VLADIMIR PUTIN,Former deputy prime minister,IGOR SECHIN,https://www.ft.com/content/a8f24922-cef4-11e3-9165-00144feabdc0
W.E.“ED” BOSARGE,Major campaign donor,MITCH MCCONNELL,http://www.politico.com/tipsheets/prescription-pulse/2016/05/new-legislation-on-stem-cells-raises-alarm-214069
WELLS GRIFFITH,Married,CATHERINE BRAY GRIFFITH,https://www.theguardian.com/commentisfree/2017/feb/02/corporate-dark-money-power-atlantic-lobbyists-brexit
WENDI DENG MURDOCH,Parent/child,CHLOE MURDOCH,https://www.ft.com/content/a615f0ce-ed90-11e6-930f-061b01e23655
WENDI DENG MURDOCH,Parent/child,GRACE MURDOCH,https://www.ft.com/content/a615f0ce-ed90-11e6-930f-061b01e23655
WENDI DENG MURDOCH,"Close friend" according to the Guardian,IVANKA TRUMP,https://www.theguardian.com/film/2016/oct/11/wendi-deng-murdoch-rupert-trump-sky-ladder-art-of-cai-guo-qiang
WILBUR ROSS,Special advisor,JAMES UTHMEIER,http://www.jonesday.com/jones-day-lawyers-tapped-for-federal-and-state-posts-01-20-2017/
WILBUR ROSS,Privatization advisor when Giuliani was mayor,RUDY GIULIANI,http://www.salon.com/2016/11/21/wilbur-ross-jr-rumored-to-be-donald-trumps-choice-for-commerce-secretary-owned-a-mine-where-12-miners-died-in-2006_partner/
WILLIAM I. KOCH,Siblings,CHARLES G. KOCH,http://www.forbes.com/profile/koch/
WILLIAM I. KOCH,Siblings,DAVID H. KOCH,http://www.forbes.com/profile/koch/
WU XIAOHUI,Married. (Zhuo is the granddaughter of Deng Xiaoping the former leader of the People's Republic of China. Wu is the chairman of the Anbang Insurance Group which has been in business discussions with the Kushners.),ZHUO RAN,https://www.nytimes.com/2017/01/07/us/politics/jared-kushner-trump-business.html
YOUSEF AL-OTAIBA,"Friend" per the New York Times,THOMAS J. BARRACK JR.,https://www.nytimes.com/2017/02/11/us/politics/jared-kushner-israel.html?smid=tw-nytimesworld&smtyp=cur&_r=1
